Year,Player_Name,Matches_Batted,Not_Outs,Runs_Scored,Highest_Score,Batting_Average,Balls_Faced,Batting_Strike_Rate,Centuries,Half_Centuries,Fours,Sixes,Catches_Taken,Stumpings,Matches_Bowled,Balls_Bowled,Runs_Conceded,Wickets_Taken,Bowling_Average,Economy_Rate,Bowling_Strike_Rate,Four_Wicket_Hauls,Five_Wicket_Hauls,Most_Wickets_in_Match,Runs_in_Best_Bowling_Match
2024.0,Abdul Samad,16.0,2.0,182.0,37.0,18.2,108.0,168.52,0.0,0.0,15.0,11.0,9.0,0.0,16.0,0.0,0.0,0.0,0.0,0.0,0.0,0.0,0.0,0.0,0.0
2023.0,Abdul Samad,9.0,4.0,169.0,37.0,42.25,128.0,132.03,0.0,0.0,10.0,11.0,4.0,0.0,9.0,0.0,0.0,0.0,0.0,0.0,0.0,0.0,0.0,0.0,0.0
2022.0,Abdul Samad,2.0,0.0,4.0,4.0,2.0,7.0,57.14,0.0,0.0,0.0,0.0,1.0,0.0,2.0,6.0,8.0,0.0,0.0,8.0,0.0,0.0,0.0,0.0,8.0
2021.0,Abdul Samad,11.0,1.0,111.0,28.0,12.33,87.0,127.58,0.0,0.0,4.0,8.0,8.0,0.0,11.0,6.0,9.0,1.0,9.0,9.0,6.0,0.0,0.0,1.0,9.0
2020.0,Abdul Samad,12.0,3.0,111.0,33.0,22.2,65.0,170.76,0.0,0.0,8.0,6.0,5.0,0.0,12.0,42.0,96.0,1.0,96.0,13.71,42.0,0.0,0.0,1.0,41.0
2024.0,Abhinav Manohar,2.0,0.0,9.0,8.0,4.5,16.0,56.25,0.0,0.0,1.0,0.0,2.0,0.0,2.0,0.0,0.0,0.0,0.0,0.0,0.0,0.0,0.0,0.0,0.0
2023.0,Abhinav Manohar,9.0,0.0,114.0,42.0,19.0,83.0,137.35,0.0,0.0,6.0,7.0,4.0,0.0,9.0,0.0,0.0,0.0,0.0,0.0,0.0,0.0,0.0,0.0,0.0
2022.0,Abhinav Manohar,8.0,1.0,108.0,43.0,18.0,75.0,144.0,0.0,0.0,14.0,3.0,4.0,0.0,8.0,0.0,0.0,0.0,0.0,0.0,0.0,0.0,0.0,0.0,0.0
2024.0,Abhishek Sharma,16.0,1.0,484.0,75.0,32.27,237.0,204.22,0.0,3.0,36.0,42.0,7.0,0.0,16.0,42.0,51.0,2.0,25.5,7.29,21.0,0.0,0.0,2.0,24.0
2023.0,Abhishek Sharma,11.0,0.0,226.0,67.0,20.55,157.0,143.95,0.0,2.0,28.0,6.0,4.0,0.0,11.0,72.0,124.0,2.0,62.0,10.33,36.0,0.0,0.0,1.0,26.0
2022.0,Abhishek Sharma,14.0,0.0,426.0,75.0,30.43,320.0,133.13,0.0,2.0,47.0,13.0,1.0,0.0,14.0,24.0,38.0,0.0,0.0,9.5,0.0,0.0,0.0,0.0,10.0
2021.0,Abhishek Sharma,8.0,1.0,98.0,33.0,16.33,75.0,130.66,0.0,0.0,7.0,4.0,2.0,0.0,8.0,60.0,64.0,4.0,16.0,6.4,15.0,0.0,0.0,2.0,4.0
2020.0,Abhishek Sharma,8.0,2.0,71.0,31.0,14.2,56.0,126.78,0.0,0.0,6.0,3.0,1.0,0.0,8.0,60.0,91.0,2.0,45.5,9.1,30.0,0.0,0.0,1.0,15.0
2019.0,Abhishek Sharma,3.0,1.0,9.0,5.0,4.5,9.0,100.0,0.0,0.0,1.0,0.0,2.0,0.0,3.0,12.0,21.0,1.0,21.0,10.5,12.0,0.0,0.0,1.0,10.0
2018.0,Abhishek Sharma,3.0,2.0,63.0,46.0,63.0,33.0,190.9,0.0,0.0,3.0,5.0,1.0,0.0,3.0,0.0,0.0,0.0,0.0,0.0,0.0,0.0,0.0,0.0,0.0
2024.0,Abishek Porel,14.0,2.0,327.0,65.0,32.7,205.0,159.51,0.0,2.0,36.0,13.0,2.0,0.0,14.0,0.0,0.0,0.0,0.0,0.0,0.0,0.0,0.0,0.0,0.0
2023.0,Abishek Porel,4.0,0.0,33.0,20.0,8.25,31.0,106.45,0.0,0.0,1.0,2.0,4.0,0.0,4.0,0.0,0.0,0.0,0.0,0.0,0.0,0.0,0.0,0.0,0.0
2020.0,Adam Zampa,0.0,0.0,0.0,0.0,0.0,0.0,0.0,0.0,0.0,0.0,0.0,0.0,0.0,3.0,66.0,92.0,2.0,46.0,8.36,33.0,0.0,0.0,1.0,12.0
2017.0,Adam Zampa,6.0,0.0,5.0,5.0,5.0,7.0,71.42,0.0,0.0,1.0,0.0,0.0,0.0,6.0,119.0,163.0,7.0,23.28,8.21,17.0,0.0,0.0,2.0,22.0
2016.0,Adam Zampa,5.0,0.0,0.0,0.0,0.0,1.0,0.0,0.0,0.0,0.0,0.0,0.0,0.0,5.0,102.0,115.0,12.0,9.58,6.76,8.5,0.0,1.0,6.0,19.0
2024.0,Aiden Markram,11.0,2.0,220.0,50.0,24.44,177.0,124.29,0.0,1.0,18.0,4.0,5.0,0.0,11.0,12.0,15.0,0.0,0.0,7.5,0.0,0.0,0.0,0.0,5.0
2023.0,Aiden Markram,13.0,2.0,248.0,50.0,22.55,197.0,125.89,0.0,1.0,18.0,8.0,11.0,0.0,13.0,49.0,70.0,1.0,70.0,8.57,49.0,0.0,0.0,1.0,24.0
2022.0,Aiden Markram,14.0,4.0,381.0,68.0,47.63,274.0,139.05,0.0,3.0,25.0,19.0,6.0,0.0,14.0,36.0,64.0,1.0,64.0,10.67,36.0,0.0,0.0,1.0,8.0
2021.0,Aiden Markram,6.0,1.0,146.0,42.0,29.2,119.0,122.68,0.0,0.0,12.0,4.0,3.0,0.0,6.0,24.0,23.0,0.0,0.0,5.75,0.0,0.0,0.0,0.0,5.0
2024.0,Ajinkya Rahane,13.0,0.0,242.0,45.0,20.17,196.0,123.47,0.0,0.0,23.0,7.0,1.0,0.0,13.0,0.0,0.0,0.0,0.0,0.0,0.0,0.0,0.0,0.0,0.0
2023.0,Ajinkya Rahane,14.0,1.0,326.0,71.0,32.6,189.0,172.49,0.0,2.0,24.0,16.0,8.0,0.0,14.0,0.0,0.0,0.0,0.0,0.0,0.0,0.0,0.0,0.0,0.0
2022.0,Ajinkya Rahane,7.0,0.0,133.0,44.0,19.0,128.0,103.91,0.0,0.0,14.0,4.0,3.0,0.0,7.0,0.0,0.0,0.0,0.0,0.0,0.0,0.0,0.0,0.0,0.0
2021.0,Ajinkya Rahane,2.0,0.0,8.0,8.0,8.0,8.0,100.0,0.0,0.0,1.0,0.0,0.0,0.0,0.0,0.0,0.0,0.0,0.0,0.0,0.0,0.0,0.0,0.0,0.0
2020.0,Ajinkya Rahane,9.0,0.0,113.0,60.0,14.12,107.0,105.6,0.0,1.0,12.0,2.0,4.0,0.0,9.0,0.0,0.0,0.0,0.0,0.0,0.0,0.0,0.0,0.0,0.0
2019.0,Ajinkya Rahane,14.0,1.0,393.0,105.0,32.75,285.0,137.89,1.0,1.0,45.0,9.0,5.0,0.0,14.0,0.0,0.0,0.0,0.0,0.0,0.0,0.0,0.0,0.0,0.0
2018.0,Ajinkya Rahane,15.0,1.0,370.0,65.0,28.46,313.0,118.21,0.0,1.0,39.0,5.0,4.0,0.0,15.0,0.0,0.0,0.0,0.0,0.0,0.0,0.0,0.0,0.0,0.0
2017.0,Ajinkya Rahane,16.0,1.0,382.0,60.0,25.46,323.0,118.26,0.0,2.0,35.0,9.0,7.0,0.0,16.0,0.0,0.0,0.0,0.0,0.0,0.0,0.0,0.0,0.0,0.0
2016.0,Ajinkya Rahane,14.0,3.0,480.0,74.0,43.63,379.0,126.64,0.0,6.0,54.0,9.0,7.0,0.0,14.0,0.0,0.0,0.0,0.0,0.0,0.0,0.0,0.0,0.0,0.0
2015.0,Ajinkya Rahane,14.0,2.0,540.0,91.0,49.09,413.0,130.75,0.0,4.0,53.0,13.0,3.0,0.0,14.0,0.0,0.0,0.0,0.0,0.0,0.0,0.0,0.0,0.0,0.0
2014.0,Ajinkya Rahane,13.0,0.0,339.0,72.0,28.25,291.0,116.49,0.0,3.0,38.0,3.0,6.0,0.0,13.0,0.0,0.0,0.0,0.0,0.0,0.0,0.0,0.0,0.0,0.0
2013.0,Ajinkya Rahane,18.0,4.0,488.0,68.0,34.85,458.0,106.55,0.0,4.0,42.0,11.0,10.0,0.0,18.0,0.0,0.0,0.0,0.0,0.0,0.0,0.0,0.0,0.0,0.0
2012.0,Ajinkya Rahane,16.0,2.0,560.0,103.0,40.0,433.0,129.33,1.0,3.0,73.0,10.0,11.0,0.0,16.0,0.0,0.0,0.0,0.0,0.0,0.0,0.0,0.0,0.0,0.0
2011.0,Ajinkya Rahane,10.0,1.0,120.0,52.0,20.0,98.0,122.44,0.0,1.0,12.0,2.0,1.0,0.0,10.0,0.0,0.0,0.0,0.0,0.0,0.0,0.0,0.0,0.0,0.0
2009.0,Ajinkya Rahane,8.0,1.0,144.0,62.0,24.0,123.0,117.07,0.0,2.0,12.0,3.0,1.0,0.0,8.0,6.0,5.0,1.0,5.0,5.0,6.0,0.0,0.0,1.0,5.0
2008.0,Ajinkya Rahane,2.0,0.0,4.0,4.0,2.0,17.0,23.52,0.0,0.0,1.0,0.0,0.0,0.0,0.0,0.0,0.0,0.0,0.0,0.0,0.0,0.0,0.0,0.0,0.0
2024.0,Akash Deep,1.0,1.0,2.0,2.0,0.0,2.0,100.0,0.0,0.0,0.0,0.0,0.0,0.0,1.0,21.0,55.0,1.0,55.0,15.71,21.0,0.0,0.0,1.0,55.0
2023.0,Akash Deep,2.0,0.0,17.0,17.0,17.0,8.0,212.5,0.0,0.0,2.0,1.0,1.0,0.0,2.0,30.0,59.0,1.0,59.0,11.8,30.0,0.0,0.0,1.0,29.0
2022.0,Akash Deep,5.0,0.0,0.0,0.0,0.0,2.0,0.0,0.0,0.0,0.0,0.0,2.0,0.0,5.0,113.0,205.0,5.0,41.0,10.88,22.6,0.0,0.0,3.0,45.0
2024.0,Akash Madhwal,5.0,1.0,4.0,4.0,0.0,5.0,80.0,0.0,0.0,0.0,0.0,1.0,0.0,5.0,109.0,205.0,5.0,41.0,11.28,21.8,0.0,0.0,3.0,20.0
2023.0,Akash Madhwal,8.0,0.0,0.0,0.0,0.0,0.0,0.0,0.0,0.0,0.0,0.0,0.0,0.0,8.0,153.0,219.0,14.0,15.64,8.59,10.93,1.0,1.0,5.0,5.0
2023.0,Akash Singh,6.0,0.0,0.0,0.0,0.0,0.0,0.0,0.0,0.0,0.0,0.0,1.0,0.0,6.0,114.0,188.0,5.0,37.6,9.89,22.8,0.0,0.0,2.0,40.0
2021.0,Akash Singh,0.0,0.0,0.0,0.0,0.0,0.0,0.0,0.0,0.0,0.0,0.0,0.0,0.0,1.0,24.0,39.0,0.0,0.0,9.75,0.0,0.0,0.0,0.0,39.0
2024.0,Andre Russell,14.0,2.0,222.0,64.0,31.71,120.0,185.0,0.0,1.0,20.0,16.0,3.0,0.0,15.0,176.0,295.0,19.0,15.53,10.06,9.26,0.0,0.0,3.0,19.0
2023.0,Andre Russell,14.0,3.0,227.0,42.0,20.64,156.0,145.51,0.0,0.0,13.0,18.0,6.0,0.0,14.0,91.0,172.0,7.0,24.57,11.34,13.0,0.0,0.0,3.0,22.0
2022.0,Andre Russell,14.0,3.0,335.0,70.0,37.22,192.0,174.48,0.0,1.0,18.0,32.0,2.0,0.0,14.0,169.0,278.0,17.0,16.35,9.87,9.94,1.0,0.0,4.0,5.0
2021.0,Andre Russell,10.0,2.0,183.0,54.0,26.14,120.0,152.5,0.0,1.0,14.0,14.0,2.0,0.0,10.0,114.0,188.0,11.0,17.09,9.89,10.36,0.0,1.0,5.0,15.0
2020.0,Andre Russell,10.0,0.0,117.0,25.0,13.0,81.0,144.44,0.0,0.0,9.0,9.0,2.0,0.0,10.0,108.0,175.0,6.0,29.16,9.72,18.0,0.0,0.0,2.0,29.0
2019.0,Andre Russell,14.0,4.0,510.0,80.0,56.66,249.0,204.81,0.0,4.0,31.0,52.0,4.0,0.0,14.0,181.0,287.0,11.0,26.09,9.51,16.45,0.0,0.0,2.0,21.0
2018.0,Andre Russell,16.0,3.0,316.0,88.0,28.72,171.0,184.79,0.0,1.0,17.0,31.0,8.0,0.0,16.0,227.0,355.0,13.0,27.3,9.38,17.46,0.0,0.0,3.0,31.0
2016.0,Andre Russell,12.0,1.0,188.0,39.0,26.85,114.0,164.91,0.0,0.0,10.0,15.0,2.0,0.0,12.0,219.0,291.0,15.0,19.4,7.97,14.6,1.0,0.0,4.0,20.0
2015.0,Andre Russell,13.0,2.0,326.0,66.0,36.22,169.0,192.89,0.0,3.0,35.0,19.0,6.0,0.0,13.0,244.0,324.0,14.0,23.14,7.96,17.42,0.0,0.0,3.0,32.0
2014.0,Andre Russell,2.0,0.0,2.0,1.0,1.0,8.0,25.0,0.0,0.0,0.0,0.0,0.0,0.0,2.0,30.0,52.0,1.0,52.0,10.4,30.0,0.0,0.0,1.0,25.0
2013.0,Andre Russell,3.0,0.0,11.0,7.0,5.5,14.0,78.57,0.0,0.0,0.0,0.0,0.0,0.0,3.0,42.0,68.0,0.0,0.0,9.71,0.0,0.0,0.0,0.0,13.0
2012.0,Andre Russell,4.0,0.0,47.0,31.0,23.5,26.0,180.76,0.0,0.0,3.0,3.0,0.0,0.0,4.0,96.0,161.0,1.0,161.0,10.06,96.0,0.0,0.0,1.0,51.0
2024.0,Angkrish Raghuvanshi,10.0,0.0,163.0,54.0,23.29,105.0,155.24,0.0,1.0,16.0,8.0,4.0,0.0,10.0,0.0,0.0,0.0,0.0,0.0,0.0,0.0,0.0,0.0,0.0
2024.0,Anrich Nortje,6.0,0.0,4.0,4.0,2.0,8.0,50.0,0.0,0.0,0.0,0.0,1.0,0.0,6.0,132.0,294.0,7.0,42.0,13.36,18.86,0.0,0.0,3.0,59.0
2023.0,Anrich Nortje,10.0,4.0,37.0,23.0,12.33,29.0,127.59,0.0,0.0,6.0,0.0,2.0,0.0,10.0,240.0,364.0,10.0,36.4,9.1,24.0,0.0,0.0,2.0,20.0
2022.0,Anrich Nortje,6.0,1.0,1.0,1.0,0.0,6.0,16.67,0.0,0.0,0.0,0.0,2.0,0.0,6.0,134.0,217.0,9.0,24.11,9.72,14.89,0.0,0.0,3.0,42.0
2021.0,Anrich Nortje,8.0,0.0,0.0,0.0,0.0,0.0,0.0,0.0,0.0,0.0,0.0,1.0,0.0,8.0,182.0,187.0,12.0,15.58,6.16,15.16,0.0,0.0,2.0,12.0
2020.0,Anrich Nortje,16.0,4.0,7.0,3.0,7.0,6.0,116.66,0.0,0.0,0.0,0.0,4.0,0.0,16.0,366.0,512.0,22.0,23.27,8.39,16.63,0.0,0.0,3.0,33.0
2024.0,Anshul Kamboj,3.0,1.0,2.0,2.0,0.0,2.0,100.0,0.0,0.0,0.0,0.0,3.0,0.0,3.0,60.0,114.0,2.0,57.0,11.4,30.0,0.0,0.0,1.0,24.0
2024.0,Anuj Rawat,5.0,1.0,98.0,48.0,24.5,77.0,127.27,0.0,0.0,10.0,3.0,5.0,0.0,5.0,0.0,0.0,0.0,0.0,0.0,0.0,0.0,0.0,0.0,0.0
2023.0,Anuj Rawat,9.0,4.0,91.0,29.0,30.33,71.0,128.17,0.0,0.0,6.0,4.0,3.0,0.0,9.0,0.0,0.0,0.0,0.0,0.0,0.0,0.0,0.0,0.0,0.0
2022.0,Anuj Rawat,8.0,0.0,129.0,66.0,16.13,118.0,109.32,0.0,1.0,10.0,7.0,6.0,0.0,8.0,0.0,0.0,0.0,0.0,0.0,0.0,0.0,0.0,0.0,0.0
2021.0,Anuj Rawat,2.0,0.0,0.0,0.0,0.0,1.0,0.0,0.0,0.0,0.0,0.0,3.0,0.0,2.0,0.0,0.0,0.0,0.0,0.0,0.0,0.0,0.0,0.0,0.0
2024.0,Anukul Roy,3.0,1.0,3.0,3.0,0.0,3.0,100.0,0.0,0.0,0.0,0.0,0.0,0.0,4.0,34.0,60.0,0.0,0.0,10.59,0.0,0.0,0.0,0.0,6.0
2023.0,Anukul Roy,4.0,2.0,23.0,13.0,11.5,19.0,121.05,0.0,0.0,3.0,0.0,4.0,0.0,4.0,48.0,65.0,3.0,21.67,8.13,16.0,0.0,0.0,2.0,19.0
2022.0,Anukul Roy,2.0,0.0,0.0,0.0,0.0,2.0,0.0,0.0,0.0,0.0,0.0,1.0,0.0,2.0,42.0,55.0,1.0,55.0,7.86,42.0,0.0,0.0,1.0,28.0
2019.0,Anukul Roy,0.0,0.0,0.0,0.0,0.0,0.0,0.0,0.0,0.0,0.0,0.0,0.0,0.0,1.0,12.0,11.0,1.0,11.0,5.5,12.0,0.0,0.0,1.0,11.0
2024.0,Arjun Tendulkar,1.0,0.0,0.0,0.0,0.0,0.0,0.0,0.0,0.0,0.0,0.0,0.0,0.0,1.0,14.0,22.0,0.0,0.0,9.43,0.0,0.0,0.0,0.0,22.0
2023.0,Arjun Tendulkar,4.0,0.0,13.0,13.0,13.0,9.0,144.44,0.0,0.0,0.0,1.0,0.0,0.0,4.0,59.0,92.0,3.0,30.67,9.36,19.67,0.0,0.0,1.0,9.0
2024.0,Arshdeep Singh,14.0,0.0,4.0,4.0,4.0,3.0,133.33,0.0,0.0,1.0,0.0,1.0,0.0,14.0,302.0,505.0,19.0,26.58,10.03,15.89,1.0,0.0,4.0,29.0
2023.0,Arshdeep Singh,14.0,2.0,2.0,2.0,0.0,2.0,100.0,0.0,0.0,0.0,0.0,1.0,0.0,14.0,305.0,493.0,17.0,29.0,9.7,17.94,1.0,0.0,4.0,29.0
2022.0,Arshdeep Singh,14.0,3.0,21.0,10.0,7.0,29.0,72.41,0.0,0.0,3.0,0.0,4.0,0.0,14.0,300.0,385.0,10.0,38.5,7.7,30.0,0.0,0.0,3.0,37.0
2021.0,Arshdeep Singh,12.0,2.0,2.0,1.0,0.0,3.0,66.66,0.0,0.0,0.0,0.0,4.0,0.0,12.0,248.0,342.0,18.0,19.0,8.27,13.77,0.0,1.0,5.0,32.0
2020.0,Arshdeep Singh,8.0,0.0,0.0,0.0,0.0,3.0,0.0,0.0,0.0,0.0,0.0,2.0,0.0,8.0,149.0,218.0,9.0,24.22,8.77,16.55,0.0,0.0,3.0,23.0
2019.0,Arshdeep Singh,3.0,0.0,0.0,0.0,0.0,0.0,0.0,0.0,0.0,0.0,0.0,0.0,0.0,3.0,60.0,109.0,3.0,36.33,10.9,20.0,0.0,0.0,2.0,43.0
2024.0,Arshin Kulkarni,2.0,0.0,9.0,9.0,4.5,8.0,112.5,0.0,0.0,2.0,0.0,0.0,0.0,2.0,0.0,0.0,0.0,0.0,0.0,0.0,0.0,0.0,0.0,0.0
2024.0,Ashutosh Sharma,11.0,2.0,189.0,61.0,27.0,113.0,167.26,0.0,1.0,10.0,15.0,2.0,0.0,11.0,0.0,0.0,0.0,0.0,0.0,0.0,0.0,0.0,0.0,0.0
2024.0,Atharva Taide,2.0,0.0,61.0,46.0,30.5,39.0,156.41,0.0,0.0,7.0,2.0,0.0,0.0,2.0,1.0,4.0,0.0,0.0,24.0,0.0,0.0,0.0,0.0,4.0
2023.0,Atharva Taide,7.0,0.0,186.0,66.0,26.57,129.0,144.19,0.0,2.0,20.0,6.0,5.0,0.0,7.0,0.0,0.0,0.0,0.0,0.0,0.0,0.0,0.0,0.0,0.0
2024.0,Avesh Khan,15.0,3.0,10.0,7.0,0.0,5.0,200.0,0.0,0.0,1.0,0.0,2.0,0.0,16.0,329.0,526.0,19.0,27.68,9.59,17.32,0.0,0.0,3.0,27.0
2023.0,Avesh Khan,9.0,1.0,0.0,0.0,0.0,1.0,0.0,0.0,0.0,0.0,0.0,2.0,0.0,9.0,174.0,283.0,8.0,35.38,9.76,21.75,0.0,0.0,3.0,25.0
2022.0,Avesh Khan,13.0,3.0,22.0,12.0,22.0,13.0,169.23,0.0,0.0,0.0,3.0,2.0,0.0,13.0,286.0,416.0,18.0,23.11,8.73,15.89,1.0,0.0,4.0,24.0
2021.0,Avesh Khan,16.0,1.0,5.0,5.0,0.0,3.0,166.66,0.0,0.0,1.0,0.0,1.0,0.0,16.0,366.0,450.0,24.0,18.75,7.37,15.25,0.0,0.0,3.0,13.0
2020.0,Avesh Khan,1.0,0.0,0.0,0.0,0.0,0.0,0.0,0.0,0.0,0.0,0.0,0.0,0.0,1.0,24.0,42.0,0.0,0.0,10.5,0.0,0.0,0.0,0.0,42.0
2019.0,Avesh Khan,1.0,1.0,4.0,4.0,0.0,3.0,133.33,0.0,0.0,1.0,0.0,1.0,0.0,1.0,18.0,30.0,0.0,0.0,10.0,0.0,0.0,0.0,0.0,30.0
2018.0,Avesh Khan,6.0,0.0,0.0,0.0,0.0,0.0,0.0,0.0,0.0,0.0,0.0,3.0,0.0,6.0,114.0,204.0,4.0,51.0,10.73,28.5,0.0,0.0,2.0,29.0
2017.0,Avesh Khan,1.0,0.0,0.0,0.0,0.0,0.0,0.0,0.0,0.0,0.0,0.0,0.0,0.0,1.0,24.0,23.0,1.0,23.0,5.75,24.0,0.0,0.0,1.0,23.0
2024.0,Axar Patel,14.0,4.0,235.0,66.0,29.38,179.0,131.28,0.0,2.0,19.0,10.0,13.0,0.0,14.0,264.0,337.0,11.0,30.64,7.66,24.0,0.0,0.0,2.0,25.0
2023.0,Axar Patel,14.0,3.0,283.0,54.0,28.3,203.0,139.41,0.0,1.0,21.0,15.0,7.0,0.0,14.0,282.0,338.0,11.0,30.73,7.19,25.64,0.0,0.0,2.0,13.0
2022.0,Axar Patel,13.0,6.0,182.0,42.0,45.5,120.0,151.67,0.0,0.0,12.0,10.0,8.0,0.0,13.0,258.0,321.0,6.0,53.5,7.47,43.0,0.0,0.0,2.0,10.0
2021.0,Axar Patel,12.0,1.0,40.0,12.0,8.0,46.0,86.95,0.0,0.0,2.0,1.0,4.0,0.0,12.0,276.0,306.0,15.0,20.4,6.65,18.4,0.0,0.0,3.0,21.0
2020.0,Axar Patel,15.0,1.0,117.0,42.0,14.62,85.0,137.64,0.0,0.0,6.0,8.0,6.0,0.0,15.0,306.0,327.0,9.0,36.33,6.41,34.0,0.0,0.0,2.0,18.0
2019.0,Axar Patel,14.0,6.0,110.0,26.0,18.33,88.0,125.0,0.0,0.0,10.0,3.0,9.0,0.0,14.0,306.0,364.0,10.0,36.4,7.13,30.6,0.0,0.0,2.0,22.0
2018.0,Axar Patel,9.0,2.0,80.0,19.0,13.33,69.0,115.94,0.0,0.0,3.0,4.0,2.0,0.0,9.0,156.0,218.0,3.0,72.66,8.38,52.0,0.0,0.0,1.0,21.0
2017.0,Axar Patel,14.0,5.0,227.0,44.0,28.37,162.0,140.12,0.0,0.0,11.0,11.0,7.0,0.0,14.0,288.0,362.0,15.0,24.13,7.54,19.2,0.0,0.0,3.0,11.0
2016.0,Axar Patel,14.0,3.0,111.0,36.0,15.85,77.0,144.15,0.0,0.0,4.0,8.0,2.0,0.0,14.0,287.0,388.0,13.0,29.84,8.11,22.07,1.0,0.0,4.0,21.0
2015.0,Axar Patel,14.0,3.0,206.0,40.0,22.88,174.0,118.39,0.0,0.0,13.0,8.0,7.0,0.0,14.0,280.0,392.0,13.0,30.15,8.4,21.53,0.0,0.0,2.0,11.0
2014.0,Axar Patel,17.0,2.0,62.0,42.0,10.33,60.0,103.33,0.0,0.0,6.0,1.0,7.0,0.0,17.0,396.0,405.0,17.0,23.82,6.13,23.29,0.0,0.0,3.0,24.0
2024.0,Ayush Badoni,14.0,4.0,235.0,55.0,29.38,171.0,137.43,0.0,2.0,22.0,5.0,3.0,0.0,14.0,12.0,25.0,0.0,0.0,12.5,0.0,0.0,0.0,0.0,6.0
2023.0,Ayush Badoni,15.0,2.0,238.0,59.0,23.8,172.0,138.37,0.0,1.0,13.0,12.0,2.0,0.0,15.0,1.0,0.0,0.0,0.0,0.0,0.0,0.0,0.0,0.0,0.0
2022.0,Ayush Badoni,13.0,3.0,161.0,54.0,20.13,130.0,123.85,0.0,1.0,11.0,7.0,9.0,0.0,13.0,12.0,11.0,2.0,5.5,5.5,6.0,0.0,0.0,1.0,5.0
2024.0,Azmatullah Omarzai,7.0,0.0,42.0,17.0,10.5,33.0,127.27,0.0,0.0,2.0,2.0,0.0,0.0,7.0,126.0,186.0,4.0,46.5,8.86,31.5,0.0,0.0,2.0,27.0
2024.0,B. Sai Sudharsan,12.0,1.0,527.0,103.0,47.91,373.0,141.29,1.0,2.0,48.0,16.0,0.0,0.0,12.0,0.0,0.0,0.0,0.0,0.0,0.0,0.0,0.0,0.0,0.0
2023.0,B. Sai Sudharsan,8.0,1.0,362.0,96.0,51.71,256.0,141.41,0.0,3.0,33.0,12.0,2.0,0.0,8.0,0.0,0.0,0.0,0.0,0.0,0.0,0.0,0.0,0.0,0.0
2022.0,B. Sai Sudharsan,5.0,1.0,145.0,65.0,36.25,114.0,127.19,0.0,1.0,14.0,3.0,1.0,0.0,5.0,0.0,0.0,0.0,0.0,0.0,0.0,0.0,0.0,0.0,0.0
2024.0,Bhuvneshwar Kumar,16.0,2.0,23.0,13.0,7.67,29.0,79.31,0.0,0.0,3.0,0.0,1.0,0.0,16.0,342.0,533.0,11.0,48.45,9.35,31.09,0.0,0.0,3.0,41.0
2023.0,Bhuvneshwar Kumar,14.0,3.0,42.0,27.0,14.0,47.0,89.36,0.0,0.0,4.0,0.0,3.0,0.0,14.0,306.0,425.0,16.0,26.56,8.33,19.13,0.0,1.0,5.0,30.0
2022.0,Bhuvneshwar Kumar,14.0,3.0,24.0,8.0,8.0,26.0,92.31,0.0,0.0,3.0,0.0,2.0,0.0,14.0,313.0,383.0,12.0,31.92,7.34,26.08,0.0,0.0,3.0,22.0
2021.0,Bhuvneshwar Kumar,11.0,6.0,34.0,14.0,34.0,30.0,113.33,0.0,0.0,3.0,0.0,0.0,0.0,11.0,252.0,335.0,6.0,55.83,7.97,42.0,0.0,0.0,1.0,16.0
2020.0,Bhuvneshwar Kumar,4.0,0.0,0.0,0.0,0.0,2.0,0.0,0.0,0.0,0.0,0.0,0.0,0.0,4.0,85.0,99.0,3.0,33.0,6.98,28.33,0.0,0.0,2.0,25.0
2019.0,Bhuvneshwar Kumar,15.0,2.0,12.0,7.0,4.0,19.0,63.15,0.0,0.0,1.0,0.0,4.0,0.0,15.0,354.0,461.0,13.0,35.46,7.81,27.23,0.0,0.0,2.0,24.0
2018.0,Bhuvneshwar Kumar,12.0,2.0,13.0,7.0,6.5,16.0,81.25,0.0,0.0,1.0,0.0,2.0,0.0,12.0,277.0,354.0,9.0,39.33,7.66,30.77,0.0,0.0,3.0,26.0
2017.0,Bhuvneshwar Kumar,14.0,1.0,4.0,4.0,4.0,4.0,100.0,0.0,0.0,0.0,0.0,4.0,0.0,14.0,314.0,369.0,26.0,14.19,7.05,12.07,0.0,1.0,5.0,19.0
2016.0,Bhuvneshwar Kumar,17.0,2.0,43.0,21.0,7.16,27.0,159.25,0.0,0.0,6.0,1.0,6.0,0.0,17.0,396.0,490.0,23.0,21.3,7.42,17.21,1.0,0.0,4.0,29.0
2015.0,Bhuvneshwar Kumar,14.0,2.0,17.0,11.0,17.0,10.0,170.0,0.0,0.0,2.0,1.0,5.0,0.0,14.0,310.0,407.0,18.0,22.61,7.87,17.22,0.0,0.0,3.0,26.0
2014.0,Bhuvneshwar Kumar,14.0,1.0,1.0,1.0,1.0,4.0,25.0,0.0,0.0,0.0,0.0,2.0,0.0,14.0,319.0,354.0,20.0,17.7,6.65,15.95,1.0,0.0,4.0,14.0
2013.0,Bhuvneshwar Kumar,16.0,2.0,52.0,24.0,7.42,71.0,73.23,0.0,0.0,3.0,1.0,2.0,0.0,16.0,342.0,371.0,13.0,28.53,6.5,26.3,0.0,0.0,3.0,18.0
2012.0,Bhuvneshwar Kumar,11.0,6.0,40.0,11.0,13.33,40.0,100.0,0.0,0.0,4.0,0.0,0.0,0.0,11.0,234.0,281.0,8.0,35.12,7.2,29.25,0.0,0.0,2.0,9.0
2011.0,Bhuvneshwar Kumar,4.0,0.0,1.0,1.0,0.0,1.0,0.0,0.0,0.0,0.0,0.0,2.0,0.0,4.0,66.0,67.0,3.0,22.33,6.09,22.0,0.0,0.0,2.0,14.0
2024.0,Darshan Nalkande,3.0,0.0,12.0,12.0,12.0,11.0,109.09,0.0,0.0,0.0,1.0,2.0,0.0,3.0,29.0,45.0,3.0,15.0,9.31,9.67,0.0,0.0,2.0,21.0
2023.0,Darshan Nalkande,1.0,0.0,0.0,0.0,0.0,1.0,0.0,0.0,0.0,0.0,0.0,0.0,0.0,1.0,24.0,44.0,1.0,44.0,11.0,24.0,0.0,0.0,1.0,44.0
2022.0,Darshan Nalkande,2.0,0.0,0.0,0.0,0.0,0.0,0.0,0.0,0.0,0.0,0.0,0.0,0.0,2.0,31.0,59.0,2.0,29.5,11.42,15.5,0.0,0.0,2.0,37.0
2024.0,David Miller,9.0,3.0,210.0,55.0,35.0,139.0,151.08,0.0,1.0,20.0,8.0,5.0,0.0,9.0,0.0,0.0,0.0,0.0,0.0,0.0,0.0,0.0,0.0,0.0
2023.0,David Miller,16.0,5.0,259.0,46.0,32.38,178.0,145.51,0.0,0.0,18.0,13.0,11.0,0.0,16.0,0.0,0.0,0.0,0.0,0.0,0.0,0.0,0.0,0.0,0.0
2022.0,David Miller,16.0,9.0,481.0,94.0,68.71,337.0,142.73,0.0,2.0,32.0,23.0,6.0,0.0,16.0,0.0,0.0,0.0,0.0,0.0,0.0,0.0,0.0,0.0,0.0
2021.0,David Miller,9.0,3.0,124.0,62.0,24.8,113.0,109.73,0.0,1.0,11.0,3.0,4.0,0.0,9.0,0.0,0.0,0.0,0.0,0.0,0.0,0.0,0.0,0.0,0.0
2020.0,David Miller,1.0,0.0,0.0,0.0,0.0,0.0,0.0,0.0,0.0,0.0,0.0,0.0,0.0,1.0,0.0,0.0,0.0,0.0,0.0,0.0,0.0,0.0,0.0,0.0
2019.0,David Miller,10.0,2.0,213.0,59.0,26.62,164.0,129.87,0.0,1.0,19.0,7.0,7.0,0.0,10.0,0.0,0.0,0.0,0.0,0.0,0.0,0.0,0.0,0.0,0.0
2018.0,David Miller,3.0,1.0,74.0,26.0,37.0,64.0,115.62,0.0,0.0,3.0,2.0,0.0,0.0,3.0,0.0,0.0,0.0,0.0,0.0,0.0,0.0,0.0,0.0,0.0
2017.0,David Miller,5.0,1.0,83.0,30.0,27.66,80.0,103.75,0.0,0.0,4.0,4.0,2.0,0.0,5.0,0.0,0.0,0.0,0.0,0.0,0.0,0.0,0.0,0.0,0.0
2016.0,David Miller,14.0,3.0,161.0,31.0,16.1,131.0,122.9,0.0,0.0,11.0,4.0,10.0,0.0,14.0,0.0,0.0,0.0,0.0,0.0,0.0,0.0,0.0,0.0,0.0
2015.0,David Miller,13.0,2.0,357.0,89.0,32.45,266.0,134.21,0.0,2.0,21.0,21.0,7.0,0.0,13.0,0.0,0.0,0.0,0.0,0.0,0.0,0.0,0.0,0.0,0.0
2014.0,David Miller,16.0,6.0,446.0,66.0,44.6,299.0,149.16,0.0,3.0,34.0,21.0,14.0,0.0,16.0,0.0,0.0,0.0,0.0,0.0,0.0,0.0,0.0,0.0,0.0
2013.0,David Miller,12.0,5.0,418.0,101.0,59.71,254.0,164.56,1.0,3.0,28.0,24.0,8.0,0.0,12.0,0.0,0.0,0.0,0.0,0.0,0.0,0.0,0.0,0.0,0.0
2012.0,David Miller,6.0,3.0,98.0,34.0,32.66,75.0,130.66,0.0,0.0,6.0,4.0,1.0,0.0,6.0,0.0,0.0,0.0,0.0,0.0,0.0,0.0,0.0,0.0,0.0
2024.0,Deepak Chahar,8.0,0.0,0.0,0.0,0.0,0.0,0.0,0.0,0.0,0.0,0.0,0.0,0.0,8.0,141.0,202.0,5.0,40.4,8.6,28.2,0.0,0.0,2.0,28.0
2023.0,Deepak Chahar,10.0,1.0,1.0,1.0,0.0,2.0,50.0,0.0,0.0,0.0,0.0,1.0,0.0,10.0,204.0,297.0,13.0,22.85,8.74,15.69,0.0,0.0,3.0,22.0
2021.0,Deepak Chahar,15.0,2.0,1.0,1.0,0.0,1.0,100.0,0.0,0.0,0.0,0.0,5.0,0.0,15.0,324.0,451.0,14.0,32.21,8.35,23.14,2.0,0.0,4.0,13.0
2020.0,Deepak Chahar,14.0,2.0,7.0,5.0,7.0,12.0,58.33,0.0,0.0,0.0,0.0,3.0,0.0,14.0,312.0,396.0,12.0,33.0,7.61,26.0,0.0,0.0,2.0,18.0
2019.0,Deepak Chahar,17.0,0.0,7.0,7.0,3.5,9.0,77.77,0.0,0.0,1.0,0.0,2.0,0.0,17.0,387.0,482.0,22.0,21.9,7.47,17.59,0.0,0.0,3.0,20.0
2018.0,Deepak Chahar,12.0,1.0,50.0,39.0,16.66,29.0,172.41,0.0,0.0,1.0,4.0,1.0,0.0,12.0,229.0,278.0,10.0,27.8,7.28,22.9,0.0,0.0,3.0,15.0
2017.0,Deepak Chahar,3.0,0.0,14.0,14.0,14.0,6.0,233.33,0.0,0.0,0.0,2.0,0.0,0.0,3.0,42.0,74.0,1.0,74.0,10.57,42.0,0.0,0.0,1.0,35.0
2016.0,Deepak Chahar,2.0,0.0,0.0,0.0,0.0,0.0,0.0,0.0,0.0,0.0,0.0,1.0,0.0,2.0,30.0,41.0,0.0,0.0,8.2,0.0,0.0,0.0,0.0,13.0
2024.0,Deepak Hooda,11.0,1.0,145.0,50.0,18.13,105.0,138.1,0.0,1.0,16.0,3.0,4.0,0.0,11.0,18.0,22.0,0.0,0.0,7.33,0.0,0.0,0.0,0.0,9.0
2023.0,Deepak Hooda,12.0,1.0,84.0,17.0,7.64,90.0,93.33,0.0,0.0,3.0,2.0,10.0,0.0,12.0,6.0,8.0,0.0,0.0,8.0,0.0,0.0,0.0,0.0,8.0
2022.0,Deepak Hooda,15.0,0.0,451.0,59.0,32.21,330.0,136.67,0.0,4.0,36.0,18.0,8.0,0.0,15.0,24.0,43.0,1.0,43.0,10.75,24.0,0.0,0.0,1.0,31.0
2021.0,Deepak Hooda,12.0,1.0,160.0,64.0,16.0,123.0,130.08,0.0,1.0,9.0,9.0,7.0,0.0,12.0,96.0,136.0,2.0,68.0,8.5,48.0,0.0,0.0,1.0,15.0
2020.0,Deepak Hooda,7.0,4.0,101.0,62.0,101.0,71.0,142.25,0.0,1.0,5.0,5.0,3.0,0.0,7.0,6.0,9.0,0.0,0.0,9.0,0.0,0.0,0.0,0.0,9.0
2019.0,Deepak Hooda,11.0,1.0,64.0,20.0,10.66,63.0,101.58,0.0,0.0,5.0,1.0,10.0,0.0,11.0,12.0,21.0,1.0,21.0,10.5,12.0,0.0,0.0,1.0,13.0
2018.0,Deepak Hooda,9.0,4.0,87.0,32.0,21.75,81.0,107.4,0.0,0.0,2.0,3.0,3.0,0.0,9.0,18.0,24.0,0.0,0.0,8.0,0.0,0.0,0.0,0.0,8.0
2017.0,Deepak Hooda,10.0,3.0,78.0,19.0,26.0,52.0,150.0,0.0,0.0,5.0,4.0,5.0,0.0,10.0,24.0,42.0,2.0,21.0,10.5,12.0,0.0,0.0,1.0,7.0
2016.0,Deepak Hooda,17.0,1.0,144.0,34.0,10.28,121.0,119.0,0.0,0.0,9.0,5.0,3.0,0.0,17.0,78.0,97.0,3.0,32.33,7.46,26.0,0.0,0.0,2.0,16.0
2015.0,Deepak Hooda,14.0,0.0,151.0,54.0,16.77,95.0,158.94,0.0,1.0,6.0,11.0,1.0,0.0,14.0,91.0,129.0,1.0,129.0,8.5,91.0,0.0,0.0,1.0,35.0
2024.0,Devdutt Padikkal,7.0,0.0,38.0,13.0,5.43,53.0,71.7,0.0,0.0,3.0,0.0,4.0,0.0,7.0,0.0,0.0,0.0,0.0,0.0,0.0,0.0,0.0,0.0,0.0
2023.0,Devdutt Padikkal,11.0,1.0,261.0,52.0,26.1,200.0,130.5,0.0,2.0,31.0,6.0,4.0,0.0,11.0,0.0,0.0,0.0,0.0,0.0,0.0,0.0,0.0,0.0,0.0
2022.0,Devdutt Padikkal,17.0,0.0,376.0,54.0,22.12,306.0,122.88,0.0,1.0,40.0,14.0,5.0,0.0,17.0,0.0,0.0,0.0,0.0,0.0,0.0,0.0,0.0,0.0,0.0
2021.0,Devdutt Padikkal,14.0,1.0,411.0,101.0,31.61,328.0,125.3,1.0,1.0,44.0,14.0,7.0,0.0,14.0,0.0,0.0,0.0,0.0,0.0,0.0,0.0,0.0,0.0,0.0
2020.0,Devdutt Padikkal,15.0,0.0,473.0,74.0,31.53,379.0,124.8,0.0,5.0,51.0,8.0,8.0,0.0,15.0,0.0,0.0,0.0,0.0,0.0,0.0,0.0,0.0,0.0,0.0
2023.0,Devon Conway,16.0,2.0,672.0,92.0,51.69,481.0,139.71,0.0,6.0,77.0,18.0,6.0,0.0,16.0,0.0,0.0,0.0,0.0,0.0,0.0,0.0,0.0,0.0,0.0
2022.0,Devon Conway,7.0,1.0,252.0,87.0,42.0,173.0,145.66,0.0,3.0,22.0,12.0,2.0,0.0,7.0,0.0,0.0,0.0,0.0,0.0,0.0,0.0,0.0,0.0,0.0
2024.0,Dhruv Jurel,14.0,3.0,195.0,56.0,24.38,141.0,138.3,0.0,2.0,18.0,7.0,11.0,0.0,14.0,0.0,0.0,0.0,0.0,0.0,0.0,0.0,0.0,0.0,0.0
2023.0,Dhruv Jurel,13.0,4.0,152.0,34.0,21.71,88.0,172.73,0.0,0.0,11.0,9.0,1.0,0.0,13.0,0.0,0.0,0.0,0.0,0.0,0.0,0.0,0.0,0.0,0.0
2024.0,Donovan Ferreira,2.0,0.0,8.0,7.0,4.0,11.0,72.73,0.0,0.0,0.0,0.0,2.0,0.0,2.0,0.0,0.0,0.0,0.0,0.0,0.0,0.0,0.0,0.0,0.0
2024.0,Dushmantha Chameera,1.0,0.0,0.0,0.0,0.0,0.0,0.0,0.0,0.0,0.0,0.0,0.0,0.0,1.0,18.0,48.0,0.0,0.0,16.0,0.0,0.0,0.0,0.0,48.0
2022.0,Dushmantha Chameera,12.0,4.0,43.0,17.0,10.75,28.0,153.57,0.0,0.0,3.0,3.0,2.0,0.0,12.0,264.0,384.0,9.0,42.67,8.73,29.33,0.0,0.0,2.0,17.0
2024.0,Faf du Plessis,15.0,0.0,438.0,64.0,29.2,271.0,161.62,0.0,4.0,47.0,21.0,8.0,0.0,15.0,0.0,0.0,0.0,0.0,0.0,0.0,0.0,0.0,0.0,0.0
2023.0,Faf du Plessis,14.0,1.0,730.0,84.0,56.15,475.0,153.68,0.0,8.0,60.0,36.0,3.0,0.0,14.0,0.0,0.0,0.0,0.0,0.0,0.0,0.0,0.0,0.0,0.0
2022.0,Faf du Plessis,16.0,1.0,468.0,96.0,31.2,367.0,127.52,0.0,3.0,49.0,13.0,4.0,0.0,16.0,0.0,0.0,0.0,0.0,0.0,0.0,0.0,0.0,0.0,0.0
2021.0,Faf du Plessis,16.0,2.0,633.0,95.0,45.21,458.0,138.2,0.0,6.0,60.0,23.0,12.0,0.0,16.0,0.0,0.0,0.0,0.0,0.0,0.0,0.0,0.0,0.0,0.0
2020.0,Faf du Plessis,13.0,2.0,449.0,87.0,40.81,319.0,140.75,0.0,4.0,42.0,14.0,12.0,0.0,13.0,0.0,0.0,0.0,0.0,0.0,0.0,0.0,0.0,0.0,0.0
2019.0,Faf du Plessis,12.0,1.0,396.0,96.0,36.0,321.0,123.36,0.0,3.0,36.0,15.0,12.0,0.0,12.0,0.0,0.0,0.0,0.0,0.0,0.0,0.0,0.0,0.0,0.0
2018.0,Faf du Plessis,6.0,1.0,162.0,67.0,32.4,129.0,125.58,0.0,1.0,17.0,6.0,1.0,0.0,6.0,0.0,0.0,0.0,0.0,0.0,0.0,0.0,0.0,0.0,0.0
2017.0,Faf du Plessis,2.0,0.0,8.0,8.0,8.0,7.0,114.28,0.0,0.0,1.0,0.0,0.0,0.0,2.0,0.0,0.0,0.0,0.0,0.0,0.0,0.0,0.0,0.0,0.0
2016.0,Faf du Plessis,6.0,0.0,206.0,69.0,34.33,162.0,127.16,0.0,2.0,17.0,9.0,4.0,0.0,6.0,0.0,0.0,0.0,0.0,0.0,0.0,0.0,0.0,0.0,0.0
2015.0,Faf du Plessis,17.0,2.0,380.0,55.0,29.23,304.0,125.0,0.0,1.0,37.0,5.0,8.0,0.0,17.0,0.0,0.0,0.0,0.0,0.0,0.0,0.0,0.0,0.0,0.0
2014.0,Faf du Plessis,15.0,1.0,303.0,54.0,27.54,235.0,128.93,0.0,2.0,26.0,7.0,13.0,0.0,15.0,0.0,0.0,0.0,0.0,0.0,0.0,0.0,0.0,0.0,0.0
2012.0,Faf du Plessis,13.0,0.0,398.0,73.0,33.16,304.0,130.92,0.0,3.0,29.0,17.0,4.0,0.0,13.0,6.0,16.0,0.0,0.0,16.0,0.0,0.0,0.0,0.0,16.0
2023.0,Fazalhaq Farooqi,4.0,1.0,1.0,1.0,0.0,5.0,20.0,0.0,0.0,0.0,0.0,1.0,0.0,4.0,80.0,117.0,4.0,29.25,8.78,20.0,0.0,0.0,2.0,41.0
2022.0,Fazalhaq Farooqi,3.0,1.0,2.0,2.0,0.0,8.0,25.0,0.0,0.0,0.0,0.0,0.0,0.0,3.0,72.0,110.0,2.0,55.0,9.17,36.0,0.0,0.0,2.0,32.0
2024.0,Gerald Coetzee,10.0,1.0,14.0,8.0,3.5,22.0,63.64,0.0,0.0,0.0,1.0,2.0,0.0,10.0,201.0,341.0,13.0,26.23,10.18,15.46,1.0,0.0,4.0,34.0
2024.0,Glenn Maxwell,10.0,0.0,52.0,28.0,5.78,43.0,120.93,0.0,0.0,6.0,2.0,3.0,0.0,10.0,96.0,129.0,6.0,21.5,8.06,16.0,0.0,0.0,2.0,23.0
2023.0,Glenn Maxwell,14.0,2.0,400.0,77.0,33.33,218.0,183.49,0.0,5.0,29.0,31.0,4.0,0.0,14.0,62.0,94.0,3.0,31.33,9.1,20.67,0.0,0.0,1.0,3.0
2022.0,Glenn Maxwell,13.0,2.0,301.0,55.0,27.36,178.0,169.1,0.0,1.0,31.0,15.0,5.0,0.0,13.0,144.0,165.0,6.0,27.5,6.88,24.0,0.0,0.0,2.0,22.0
2021.0,Glenn Maxwell,15.0,2.0,513.0,78.0,42.75,356.0,144.1,0.0,6.0,48.0,21.0,5.0,0.0,15.0,96.0,135.0,3.0,45.0,8.43,32.0,0.0,0.0,2.0,23.0
2020.0,Glenn Maxwell,13.0,4.0,108.0,32.0,15.42,106.0,101.88,0.0,0.0,9.0,0.0,4.0,0.0,13.0,126.0,169.0,3.0,56.33,8.04,42.0,0.0,0.0,1.0,10.0
2018.0,Glenn Maxwell,12.0,0.0,169.0,47.0,14.08,120.0,140.83,0.0,0.0,14.0,9.0,4.0,0.0,12.0,96.0,132.0,5.0,26.4,8.25,19.2,0.0,0.0,2.0,22.0
2017.0,Glenn Maxwell,14.0,3.0,310.0,47.0,31.0,179.0,173.18,0.0,0.0,19.0,26.0,7.0,0.0,14.0,114.0,125.0,7.0,17.85,6.57,16.28,0.0,0.0,2.0,15.0
2016.0,Glenn Maxwell,11.0,2.0,179.0,68.0,19.88,124.0,144.35,0.0,2.0,14.0,8.0,3.0,0.0,11.0,54.0,80.0,0.0,0.0,8.88,0.0,0.0,0.0,0.0,3.0
2015.0,Glenn Maxwell,11.0,0.0,145.0,43.0,13.18,112.0,129.46,0.0,0.0,13.0,8.0,2.0,0.0,11.0,60.0,97.0,2.0,48.5,9.7,30.0,0.0,0.0,1.0,5.0
2014.0,Glenn Maxwell,16.0,0.0,552.0,95.0,34.5,294.0,187.75,0.0,4.0,48.0,36.0,9.0,0.0,16.0,66.0,132.0,1.0,132.0,12.0,66.0,0.0,0.0,1.0,21.0
2013.0,Glenn Maxwell,3.0,1.0,36.0,23.0,18.0,27.0,133.33,0.0,0.0,1.0,4.0,1.0,0.0,3.0,12.0,23.0,0.0,0.0,11.5,0.0,0.0,0.0,0.0,5.0
2012.0,Glenn Maxwell,2.0,1.0,6.0,3.0,6.0,11.0,54.54,0.0,0.0,0.0,0.0,0.0,0.0,2.0,18.0,22.0,1.0,22.0,7.33,18.0,0.0,0.0,1.0,10.0
2023.0,Glenn Phillips,5.0,0.0,39.0,25.0,7.8,22.0,177.27,0.0,0.0,2.0,4.0,2.0,0.0,5.0,18.0,20.0,1.0,20.0,6.67,18.0,0.0,0.0,1.0,10.0
2021.0,Glenn Phillips,3.0,1.0,26.0,14.0,13.0,33.0,78.78,0.0,0.0,1.0,2.0,1.0,0.0,3.0,12.0,20.0,1.0,20.0,10.0,12.0,0.0,0.0,1.0,17.0
2024.0,Hardik Pandya,14.0,1.0,216.0,46.0,18.0,151.0,143.05,0.0,0.0,17.0,11.0,4.0,0.0,14.0,216.0,387.0,11.0,35.18,10.75,19.64,0.0,0.0,3.0,31.0
2023.0,Hardik Pandya,16.0,4.0,346.0,66.0,31.45,253.0,136.76,0.0,2.0,26.0,15.0,8.0,0.0,16.0,150.0,228.0,3.0,76.0,9.12,50.0,0.0,0.0,1.0,10.0
2022.0,Hardik Pandya,15.0,4.0,487.0,87.0,44.27,371.0,131.27,0.0,4.0,49.0,12.0,4.0,0.0,15.0,183.0,222.0,8.0,27.75,7.28,22.88,0.0,0.0,3.0,17.0
2021.0,Hardik Pandya,12.0,2.0,127.0,40.0,14.11,112.0,113.39,0.0,0.0,11.0,5.0,4.0,0.0,12.0,0.0,0.0,0.0,0.0,0.0,0.0,0.0,0.0,0.0,0.0
2020.0,Hardik Pandya,14.0,5.0,281.0,60.0,35.12,157.0,178.98,0.0,1.0,14.0,25.0,6.0,0.0,14.0,0.0,0.0,0.0,0.0,0.0,0.0,0.0,0.0,0.0,0.0
2019.0,Hardik Pandya,16.0,6.0,402.0,91.0,44.66,210.0,191.42,0.0,1.0,28.0,29.0,11.0,0.0,16.0,255.0,390.0,14.0,27.85,9.17,18.21,0.0,0.0,3.0,20.0
2018.0,Hardik Pandya,13.0,4.0,260.0,50.0,28.88,195.0,133.33,0.0,1.0,20.0,11.0,8.0,0.0,13.0,256.0,381.0,18.0,21.16,8.92,14.22,0.0,0.0,3.0,24.0
2017.0,Hardik Pandya,17.0,9.0,250.0,35.0,35.71,160.0,156.25,0.0,0.0,11.0,20.0,12.0,0.0,17.0,156.0,213.0,6.0,35.5,8.19,26.0,0.0,0.0,2.0,22.0
2016.0,Hardik Pandya,11.0,2.0,44.0,9.0,6.28,63.0,69.84,0.0,0.0,4.0,0.0,6.0,0.0,11.0,100.0,153.0,3.0,51.0,9.18,33.33,0.0,0.0,1.0,7.0
2015.0,Hardik Pandya,9.0,3.0,112.0,61.0,22.4,62.0,180.64,0.0,1.0,9.0,8.0,6.0,0.0,9.0,102.0,176.0,1.0,176.0,10.35,102.0,0.0,0.0,1.0,13.0
2024.0,Harpreet Brar,13.0,5.0,75.0,29.0,37.5,54.0,138.89,0.0,0.0,8.0,2.0,7.0,0.0,13.0,228.0,303.0,7.0,43.29,7.97,32.57,0.0,0.0,2.0,13.0
2023.0,Harpreet Brar,13.0,2.0,52.0,17.0,8.67,41.0,126.83,0.0,0.0,5.0,2.0,2.0,0.0,13.0,163.0,218.0,9.0,24.22,8.02,18.11,1.0,0.0,4.0,30.0
2022.0,Harpreet Brar,5.0,0.0,22.0,14.0,7.33,25.0,88.0,0.0,0.0,1.0,2.0,3.0,0.0,5.0,96.0,146.0,4.0,36.5,9.13,24.0,0.0,0.0,3.0,26.0
2021.0,Harpreet Brar,7.0,5.0,64.0,25.0,0.0,58.0,110.34,0.0,0.0,3.0,2.0,2.0,0.0,7.0,138.0,139.0,5.0,27.8,6.04,27.6,0.0,0.0,3.0,19.0
2020.0,Harpreet Brar,1.0,0.0,0.0,0.0,0.0,0.0,0.0,0.0,0.0,0.0,0.0,0.0,0.0,1.0,24.0,41.0,0.0,0.0,10.25,0.0,0.0,0.0,0.0,41.0
2019.0,Harpreet Brar,2.0,1.0,20.0,20.0,0.0,12.0,166.66,0.0,0.0,2.0,1.0,0.0,0.0,2.0,30.0,48.0,0.0,0.0,9.6,0.0,0.0,0.0,0.0,24.0
2024.0,Harshal Patel,14.0,1.0,13.0,12.0,4.33,19.0,68.42,0.0,0.0,1.0,1.0,5.0,0.0,14.0,294.0,477.0,24.0,19.88,9.73,12.25,0.0,0.0,3.0,15.0
2023.0,Harshal Patel,13.0,0.0,6.0,6.0,3.0,6.0,100.0,0.0,0.0,0.0,1.0,2.0,0.0,13.0,282.0,454.0,14.0,32.43,9.66,20.14,0.0,0.0,3.0,32.0
2022.0,Harshal Patel,15.0,3.0,43.0,11.0,8.6,39.0,110.26,0.0,0.0,4.0,2.0,3.0,0.0,15.0,321.0,410.0,19.0,21.58,7.66,16.89,1.0,0.0,4.0,34.0
2021.0,Harshal Patel,15.0,4.0,59.0,31.0,14.75,46.0,128.26,0.0,0.0,6.0,2.0,3.0,0.0,15.0,338.0,459.0,32.0,14.34,8.14,10.56,1.0,1.0,5.0,27.0
2020.0,Harshal Patel,5.0,0.0,21.0,16.0,10.5,24.0,87.5,0.0,0.0,2.0,0.0,1.0,0.0,5.0,90.0,134.0,3.0,44.66,8.93,30.0,0.0,0.0,2.0,34.0
2019.0,Harshal Patel,2.0,1.0,0.0,0.0,0.0,2.0,0.0,0.0,0.0,0.0,0.0,0.0,0.0,2.0,48.0,77.0,2.0,38.5,9.62,24.0,0.0,0.0,2.0,40.0
2018.0,Harshal Patel,5.0,1.0,60.0,36.0,60.0,33.0,181.81,0.0,0.0,1.0,6.0,0.0,0.0,5.0,105.0,167.0,7.0,23.85,9.54,15.0,0.0,0.0,3.0,28.0
2017.0,Harshal Patel,1.0,0.0,0.0,0.0,0.0,0.0,0.0,0.0,0.0,0.0,0.0,0.0,0.0,1.0,24.0,43.0,3.0,14.33,10.75,8.0,0.0,0.0,3.0,43.0
2016.0,Harshal Patel,5.0,1.0,0.0,0.0,0.0,0.0,0.0,0.0,0.0,0.0,0.0,2.0,0.0,5.0,84.0,147.0,1.0,147.0,10.5,84.0,0.0,0.0,1.0,46.0
2015.0,Harshal Patel,15.0,2.0,19.0,9.0,3.8,12.0,158.33,0.0,0.0,0.0,2.0,1.0,0.0,15.0,263.0,328.0,17.0,19.29,7.48,15.47,0.0,0.0,2.0,12.0
2014.0,Harshal Patel,3.0,1.0,13.0,6.0,6.5,7.0,185.71,0.0,0.0,1.0,1.0,0.0,0.0,3.0,66.0,113.0,4.0,28.25,10.27,16.5,0.0,0.0,2.0,56.0
2012.0,Harshal Patel,12.0,1.0,15.0,10.0,7.5,15.0,100.0,0.0,0.0,1.0,0.0,8.0,0.0,12.0,246.0,340.0,9.0,37.77,8.29,27.33,0.0,0.0,2.0,24.0
2024.0,Harshit Rana,12.0,0.0,0.0,0.0,0.0,0.0,0.0,0.0,0.0,0.0,0.0,4.0,0.0,13.0,253.0,383.0,19.0,20.16,9.08,13.32,0.0,0.0,3.0,24.0
2023.0,Harshit Rana,6.0,0.0,0.0,0.0,0.0,1.0,0.0,0.0,0.0,0.0,0.0,2.0,0.0,6.0,102.0,147.0,5.0,29.4,8.65,20.4,0.0,0.0,2.0,33.0
2022.0,Harshit Rana,2.0,1.0,2.0,2.0,2.0,2.0,100.0,0.0,0.0,0.0,0.0,0.0,0.0,2.0,30.0,51.0,1.0,51.0,10.2,30.0,0.0,0.0,1.0,24.0
2024.0,Heinrich Klaasen,16.0,3.0,479.0,80.0,39.92,280.0,171.07,0.0,4.0,19.0,38.0,8.0,2.0,16.0,0.0,0.0,0.0,0.0,0.0,0.0,0.0,0.0,0.0,0.0
2023.0,Heinrich Klaasen,12.0,2.0,448.0,104.0,49.78,253.0,177.08,1.0,2.0,32.0,25.0,3.0,1.0,12.0,0.0,0.0,0.0,0.0,0.0,0.0,0.0,0.0,0.0,0.0
2019.0,Heinrich Klaasen,3.0,0.0,9.0,6.0,4.5,10.0,90.0,0.0,0.0,0.0,0.0,0.0,0.0,0.0,0.0,0.0,0.0,0.0,0.0,0.0,0.0,0.0,0.0,0.0
2018.0,Heinrich Klaasen,4.0,1.0,57.0,32.0,19.0,47.0,121.27,0.0,0.0,5.0,1.0,3.0,4.0,4.0,0.0,0.0,0.0,0.0,0.0,0.0,0.0,0.0,0.0,0.0
2024.0,Ishan Kishan,14.0,0.0,320.0,69.0,22.86,215.0,148.84,0.0,1.0,35.0,16.0,9.0,0.0,14.0,0.0,0.0,0.0,0.0,0.0,0.0,0.0,0.0,0.0,0.0
2023.0,Ishan Kishan,16.0,0.0,454.0,75.0,30.27,318.0,142.77,0.0,3.0,54.0,18.0,10.0,3.0,16.0,0.0,0.0,0.0,0.0,0.0,0.0,0.0,0.0,0.0,0.0
2022.0,Ishan Kishan,14.0,1.0,418.0,81.0,32.15,348.0,120.11,0.0,3.0,45.0,11.0,13.0,0.0,14.0,0.0,0.0,0.0,0.0,0.0,0.0,0.0,0.0,0.0,0.0
2021.0,Ishan Kishan,10.0,1.0,241.0,84.0,26.77,180.0,133.88,0.0,2.0,21.0,10.0,3.0,0.0,10.0,0.0,0.0,0.0,0.0,0.0,0.0,0.0,0.0,0.0,0.0
2020.0,Ishan Kishan,14.0,4.0,516.0,99.0,57.33,354.0,145.76,0.0,4.0,36.0,30.0,1.0,0.0,14.0,0.0,0.0,0.0,0.0,0.0,0.0,0.0,0.0,0.0,0.0
2019.0,Ishan Kishan,7.0,0.0,101.0,28.0,16.83,100.0,101.0,0.0,0.0,8.0,4.0,2.0,0.0,7.0,0.0,0.0,0.0,0.0,0.0,0.0,0.0,0.0,0.0,0.0
2018.0,Ishan Kishan,14.0,0.0,275.0,62.0,22.91,184.0,149.45,0.0,2.0,22.0,17.0,9.0,2.0,14.0,0.0,0.0,0.0,0.0,0.0,0.0,0.0,0.0,0.0,0.0
2017.0,Ishan Kishan,11.0,0.0,277.0,61.0,27.7,206.0,134.46,0.0,1.0,29.0,13.0,3.0,0.0,11.0,0.0,0.0,0.0,0.0,0.0,0.0,0.0,0.0,0.0,0.0
2016.0,Ishan Kishan,5.0,0.0,42.0,27.0,8.4,41.0,102.43,0.0,0.0,5.0,0.0,1.0,0.0,5.0,0.0,0.0,0.0,0.0,0.0,0.0,0.0,0.0,0.0,0.0
2024.0,Ishant Sharma,9.0,2.0,1.0,1.0,0.0,7.0,14.29,0.0,0.0,0.0,0.0,2.0,0.0,9.0,162.0,265.0,10.0,26.5,9.81,16.2,0.0,0.0,3.0,34.0
2023.0,Ishant Sharma,8.0,1.0,1.0,1.0,0.0,1.0,100.0,0.0,0.0,0.0,0.0,0.0,0.0,8.0,150.0,206.0,10.0,20.6,8.24,15.0,0.0,0.0,2.0,19.0
2021.0,Ishant Sharma,0.0,0.0,0.0,0.0,0.0,0.0,0.0,0.0,0.0,0.0,0.0,0.0,0.0,3.0,72.0,97.0,1.0,97.0,8.08,72.0,0.0,0.0,1.0,26.0
2020.0,Ishant Sharma,0.0,0.0,0.0,0.0,0.0,0.0,0.0,0.0,0.0,0.0,0.0,0.0,0.0,1.0,18.0,26.0,0.0,0.0,8.66,0.0,0.0,0.0,0.0,26.0
2019.0,Ishant Sharma,13.0,3.0,10.0,10.0,0.0,3.0,333.33,0.0,0.0,1.0,1.0,1.0,0.0,13.0,276.0,349.0,13.0,26.84,7.58,21.23,0.0,0.0,3.0,38.0
2017.0,Ishant Sharma,6.0,1.0,8.0,5.0,4.0,12.0,66.66,0.0,0.0,1.0,0.0,0.0,0.0,6.0,108.0,179.0,0.0,0.0,9.94,0.0,0.0,0.0,0.0,12.0
2016.0,Ishant Sharma,0.0,0.0,0.0,0.0,0.0,0.0,0.0,0.0,0.0,0.0,0.0,0.0,0.0,4.0,90.0,148.0,3.0,49.33,9.86,30.0,0.0,0.0,2.0,36.0
2015.0,Ishant Sharma,0.0,0.0,0.0,0.0,0.0,0.0,0.0,0.0,0.0,0.0,0.0,0.0,0.0,4.0,84.0,159.0,1.0,159.0,11.35,84.0,0.0,0.0,1.0,25.0
2014.0,Ishant Sharma,0.0,0.0,0.0,0.0,0.0,0.0,0.0,0.0,0.0,0.0,0.0,0.0,0.0,3.0,66.0,101.0,3.0,33.66,9.18,22.0,0.0,0.0,2.0,37.0
2013.0,Ishant Sharma,0.0,0.0,0.0,0.0,0.0,0.0,0.0,0.0,0.0,0.0,0.0,0.0,0.0,16.0,358.0,466.0,15.0,31.06,7.81,23.86,0.0,0.0,3.0,27.0
2011.0,Ishant Sharma,12.0,5.0,4.0,1.0,0.0,5.0,80.0,0.0,0.0,0.0,0.0,3.0,0.0,12.0,264.0,314.0,11.0,28.54,7.13,24.0,0.0,1.0,5.0,12.0
2010.0,Ishant Sharma,7.0,1.0,6.0,6.0,6.0,17.0,35.29,0.0,0.0,0.0,0.0,1.0,0.0,7.0,150.0,236.0,7.0,33.71,9.44,21.42,0.0,0.0,2.0,33.0
2009.0,Ishant Sharma,11.0,1.0,16.0,9.0,8.0,13.0,123.07,0.0,0.0,1.0,1.0,2.0,0.0,11.0,258.0,297.0,11.0,27.0,6.9,23.45,0.0,0.0,2.0,15.0
2008.0,Ishant Sharma,13.0,5.0,11.0,4.0,11.0,11.0,100.0,0.0,0.0,1.0,0.0,2.0,0.0,13.0,259.0,331.0,8.0,41.37,7.66,32.37,0.0,0.0,2.0,9.0
2024.0,Jake Fraser-McGurk,9.0,0.0,330.0,84.0,36.67,141.0,234.04,0.0,4.0,32.0,28.0,5.0,0.0,9.0,0.0,0.0,0.0,0.0,0.0,0.0,0.0,0.0,0.0,0.0
2024.0,Jasprit Bumrah,13.0,4.0,12.0,8.0,0.0,12.0,100.0,0.0,0.0,1.0,0.0,1.0,0.0,13.0,311.0,336.0,20.0,16.8,6.48,15.55,0.0,1.0,5.0,21.0
2022.0,Jasprit Bumrah,14.0,4.0,0.0,0.0,0.0,8.0,0.0,0.0,0.0,0.0,0.0,2.0,0.0,14.0,320.0,383.0,15.0,25.53,7.18,21.33,0.0,1.0,5.0,10.0
2021.0,Jasprit Bumrah,14.0,5.0,16.0,5.0,8.0,17.0,94.11,0.0,0.0,2.0,0.0,4.0,0.0,14.0,330.0,410.0,21.0,19.52,7.45,15.71,0.0,0.0,3.0,36.0
2020.0,Jasprit Bumrah,15.0,1.0,5.0,5.0,0.0,3.0,166.66,0.0,0.0,0.0,0.0,0.0,0.0,15.0,360.0,404.0,27.0,14.96,6.73,13.33,2.0,0.0,4.0,14.0
2019.0,Jasprit Bumrah,16.0,3.0,0.0,0.0,0.0,1.0,0.0,0.0,0.0,0.0,0.0,2.0,0.0,16.0,370.0,409.0,19.0,21.52,6.63,19.47,0.0,0.0,3.0,20.0
2018.0,Jasprit Bumrah,14.0,2.0,10.0,6.0,10.0,11.0,90.9,0.0,0.0,1.0,0.0,4.0,0.0,14.0,324.0,372.0,17.0,21.88,6.88,19.05,0.0,0.0,3.0,15.0
2017.0,Jasprit Bumrah,16.0,1.0,17.0,16.0,17.0,12.0,133.33,0.0,0.0,0.0,1.0,2.0,0.0,16.0,356.0,439.0,20.0,21.95,7.39,17.8,0.0,0.0,3.0,7.0
2016.0,Jasprit Bumrah,14.0,1.0,8.0,6.0,8.0,11.0,72.72,0.0,0.0,1.0,0.0,1.0,0.0,14.0,312.0,406.0,15.0,27.06,7.8,20.8,0.0,0.0,3.0,13.0
2015.0,Jasprit Bumrah,4.0,1.0,0.0,0.0,0.0,0.0,0.0,0.0,0.0,0.0,0.0,0.0,0.0,4.0,90.0,184.0,3.0,61.33,12.26,30.0,0.0,0.0,1.0,38.0
2014.0,Jasprit Bumrah,11.0,2.0,1.0,1.0,0.0,3.0,33.33,0.0,0.0,0.0,0.0,0.0,0.0,11.0,238.0,301.0,5.0,60.2,7.58,47.6,0.0,0.0,2.0,22.0
2013.0,Jasprit Bumrah,2.0,0.0,0.0,0.0,0.0,0.0,0.0,0.0,0.0,0.0,0.0,0.0,0.0,2.0,42.0,70.0,3.0,23.33,10.0,14.0,0.0,0.0,3.0,32.0
2023.0,Jayant Yadav,1.0,0.0,0.0,0.0,0.0,0.0,0.0,0.0,0.0,0.0,0.0,2.0,0.0,1.0,24.0,26.0,0.0,0.0,6.5,0.0,0.0,0.0,0.0,26.0
2021.0,Jayant Yadav,5.0,1.0,34.0,23.0,17.0,26.0,130.76,0.0,0.0,2.0,1.0,2.0,0.0,5.0,102.0,130.0,2.0,65.0,7.64,51.0,0.0,0.0,1.0,25.0
2020.0,Jayant Yadav,2.0,0.0,0.0,0.0,0.0,0.0,0.0,0.0,0.0,0.0,0.0,0.0,0.0,2.0,42.0,43.0,1.0,43.0,6.14,42.0,0.0,0.0,1.0,25.0
2019.0,Jayant Yadav,2.0,0.0,0.0,0.0,0.0,0.0,0.0,0.0,0.0,0.0,0.0,2.0,0.0,2.0,42.0,50.0,1.0,50.0,7.14,42.0,0.0,0.0,1.0,25.0
2017.0,Jayant Yadav,2.0,0.0,0.0,0.0,0.0,0.0,0.0,0.0,0.0,0.0,0.0,0.0,0.0,2.0,36.0,42.0,0.0,0.0,7.0,0.0,0.0,0.0,0.0,16.0
2016.0,Jayant Yadav,5.0,0.0,6.0,5.0,3.0,10.0,60.0,0.0,0.0,0.0,0.0,1.0,0.0,5.0,102.0,125.0,2.0,62.5,7.35,51.0,0.0,0.0,1.0,23.0
2015.0,Jayant Yadav,3.0,0.0,0.0,0.0,0.0,0.0,0.0,0.0,0.0,0.0,0.0,1.0,0.0,3.0,42.0,29.0,2.0,14.5,4.14,21.0,0.0,0.0,1.0,8.0
2024.0,Jaydev Unadkat,11.0,2.0,24.0,8.0,8.0,26.0,92.31,0.0,0.0,2.0,1.0,0.0,0.0,11.0,187.0,319.0,8.0,39.88,10.24,23.38,0.0,0.0,3.0,30.0
2023.0,Jaydev Unadkat,3.0,0.0,9.0,9.0,9.0,7.0,128.57,0.0,0.0,1.0,0.0,0.0,0.0,3.0,48.0,92.0,0.0,0.0,11.5,0.0,0.0,0.0,0.0,26.0
2022.0,Jaydev Unadkat,5.0,2.0,59.0,19.0,19.67,37.0,159.46,0.0,0.0,4.0,3.0,1.0,0.0,5.0,120.0,190.0,6.0,31.67,9.5,20.0,0.0,0.0,2.0,32.0
2021.0,Jaydev Unadkat,6.0,1.0,41.0,24.0,20.5,29.0,141.37,0.0,0.0,3.0,2.0,1.0,0.0,6.0,132.0,168.0,4.0,42.0,7.63,33.0,0.0,0.0,3.0,15.0
2020.0,Jaydev Unadkat,7.0,0.0,9.0,9.0,9.0,13.0,69.23,0.0,0.0,0.0,0.0,1.0,0.0,7.0,138.0,228.0,4.0,57.0,9.91,34.5,0.0,0.0,2.0,32.0
2019.0,Jaydev Unadkat,11.0,3.0,1.0,1.0,1.0,3.0,33.33,0.0,0.0,0.0,0.0,4.0,0.0,11.0,224.0,398.0,10.0,39.8,10.66,22.4,0.0,0.0,2.0,26.0
2018.0,Jaydev Unadkat,15.0,3.0,49.0,26.0,12.25,38.0,128.94,0.0,0.0,6.0,1.0,6.0,0.0,15.0,302.0,486.0,11.0,44.18,9.65,27.45,0.0,0.0,3.0,46.0
2017.0,Jaydev Unadkat,12.0,2.0,2.0,2.0,0.0,5.0,40.0,0.0,0.0,0.0,0.0,9.0,0.0,12.0,275.0,322.0,24.0,13.41,7.02,11.45,0.0,1.0,5.0,30.0
2016.0,Jaydev Unadkat,1.0,0.0,0.0,0.0,0.0,0.0,0.0,0.0,0.0,0.0,0.0,0.0,0.0,1.0,18.0,49.0,0.0,0.0,16.33,0.0,0.0,0.0,0.0,49.0
2015.0,Jaydev Unadkat,1.0,0.0,0.0,0.0,0.0,0.0,0.0,0.0,0.0,0.0,0.0,0.0,0.0,1.0,18.0,30.0,0.0,0.0,10.0,0.0,0.0,0.0,0.0,30.0
2014.0,Jaydev Unadkat,9.0,1.0,1.0,1.0,1.0,6.0,16.66,0.0,0.0,0.0,0.0,0.0,0.0,9.0,187.0,270.0,9.0,30.0,8.66,20.77,0.0,0.0,3.0,32.0
2013.0,Jaydev Unadkat,13.0,2.0,2.0,1.0,0.0,2.0,100.0,0.0,0.0,0.0,0.0,1.0,0.0,13.0,294.0,370.0,13.0,28.46,7.55,22.61,0.0,1.0,5.0,25.0
2012.0,Jaydev Unadkat,1.0,0.0,0.0,0.0,0.0,0.0,0.0,0.0,0.0,0.0,0.0,0.0,0.0,1.0,18.0,32.0,0.0,0.0,10.66,0.0,0.0,0.0,0.0,32.0
2011.0,Jaydev Unadkat,7.0,0.0,0.0,0.0,0.0,0.0,0.0,0.0,0.0,0.0,0.0,2.0,0.0,7.0,108.0,150.0,6.0,25.0,8.33,18.0,0.0,0.0,2.0,25.0
2010.0,Jaydev Unadkat,3.0,0.0,0.0,0.0,0.0,0.0,0.0,0.0,0.0,0.0,0.0,1.0,0.0,3.0,62.0,85.0,4.0,21.25,8.22,15.5,0.0,0.0,3.0,26.0
2024.0,Jitesh Sharma,14.0,1.0,187.0,32.0,17.0,142.0,131.69,0.0,0.0,9.0,12.0,13.0,0.0,14.0,0.0,0.0,0.0,0.0,0.0,0.0,0.0,0.0,0.0,0.0
2023.0,Jitesh Sharma,14.0,1.0,309.0,49.0,23.77,198.0,156.06,0.0,0.0,22.0,21.0,3.0,2.0,14.0,0.0,0.0,0.0,0.0,0.0,0.0,0.0,0.0,0.0,0.0
2022.0,Jitesh Sharma,12.0,2.0,234.0,44.0,29.25,143.0,163.64,0.0,0.0,22.0,12.0,9.0,2.0,12.0,0.0,0.0,0.0,0.0,0.0,0.0,0.0,0.0,0.0,0.0
2020.0,Jofra Archer,14.0,4.0,113.0,27.0,18.83,63.0,179.36,0.0,0.0,5.0,10.0,5.0,0.0,14.0,334.0,365.0,20.0,18.25,6.55,16.7,0.0,0.0,3.0,19.0
2019.0,Jofra Archer,11.0,3.0,67.0,27.0,33.5,40.0,167.5,0.0,0.0,4.0,4.0,3.0,0.0,11.0,258.0,291.0,11.0,26.45,6.76,23.45,0.0,0.0,3.0,15.0
2018.0,Jofra Archer,10.0,3.0,15.0,8.0,3.0,21.0,71.42,0.0,0.0,2.0,0.0,1.0,0.0,10.0,233.0,325.0,15.0,21.66,8.36,15.53,0.0,0.0,3.0,22.0
2024.0,Jos Buttler,11.0,2.0,359.0,107.0,39.89,255.0,140.78,2.0,0.0,36.0,12.0,3.0,0.0,11.0,0.0,0.0,0.0,0.0,0.0,0.0,0.0,0.0,0.0,0.0
2023.0,Jos Buttler,14.0,0.0,392.0,95.0,28.0,282.0,139.01,0.0,4.0,42.0,14.0,9.0,0.0,14.0,0.0,0.0,0.0,0.0,0.0,0.0,0.0,0.0,0.0,0.0
2022.0,Jos Buttler,17.0,2.0,863.0,116.0,57.53,579.0,149.05,4.0,4.0,83.0,45.0,9.0,0.0,17.0,0.0,0.0,0.0,0.0,0.0,0.0,0.0,0.0,0.0,0.0
2021.0,Jos Buttler,7.0,0.0,254.0,124.0,36.28,166.0,153.01,1.0,0.0,27.0,13.0,3.0,0.0,7.0,0.0,0.0,0.0,0.0,0.0,0.0,0.0,0.0,0.0,0.0
2020.0,Jos Buttler,13.0,2.0,328.0,70.0,32.8,227.0,144.49,0.0,2.0,27.0,16.0,6.0,0.0,13.0,0.0,0.0,0.0,0.0,0.0,0.0,0.0,0.0,0.0,0.0
2019.0,Jos Buttler,8.0,0.0,311.0,89.0,38.87,205.0,151.7,0.0,3.0,38.0,14.0,8.0,0.0,8.0,0.0,0.0,0.0,0.0,0.0,0.0,0.0,0.0,0.0,0.0
2018.0,Jos Buttler,13.0,3.0,548.0,95.0,54.8,353.0,155.24,0.0,5.0,52.0,21.0,9.0,1.0,13.0,0.0,0.0,0.0,0.0,0.0,0.0,0.0,0.0,0.0,0.0
2017.0,Jos Buttler,10.0,0.0,272.0,77.0,27.2,177.0,153.67,0.0,1.0,27.0,15.0,1.0,0.0,10.0,0.0,0.0,0.0,0.0,0.0,0.0,0.0,0.0,0.0,0.0
2016.0,Jos Buttler,14.0,3.0,255.0,41.0,23.18,184.0,138.58,0.0,0.0,23.0,11.0,7.0,0.0,14.0,0.0,0.0,0.0,0.0,0.0,0.0,0.0,0.0,0.0,0.0
2021.0,Josh Hazlewood,9.0,0.0,0.0,0.0,0.0,0.0,0.0,0.0,0.0,0.0,0.0,1.0,0.0,9.0,210.0,293.0,11.0,26.63,8.37,19.09,0.0,0.0,3.0,24.0
2020.0,Josh Hazlewood,3.0,0.0,0.0,0.0,0.0,0.0,0.0,0.0,0.0,0.0,0.0,0.0,0.0,3.0,60.0,64.0,1.0,64.0,6.4,60.0,0.0,0.0,1.0,19.0
2024.0,KL Rahul,14.0,0.0,520.0,82.0,37.14,382.0,136.13,0.0,4.0,45.0,19.0,15.0,2.0,14.0,0.0,0.0,0.0,0.0,0.0,0.0,0.0,0.0,0.0,0.0
2023.0,KL Rahul,9.0,1.0,274.0,74.0,34.25,242.0,113.22,0.0,2.0,28.0,4.0,4.0,0.0,9.0,0.0,0.0,0.0,0.0,0.0,0.0,0.0,0.0,0.0,0.0
2022.0,KL Rahul,15.0,3.0,616.0,103.0,51.33,455.0,135.38,2.0,4.0,45.0,30.0,9.0,0.0,15.0,0.0,0.0,0.0,0.0,0.0,0.0,0.0,0.0,0.0,0.0
2021.0,KL Rahul,13.0,3.0,626.0,98.0,62.6,451.0,138.8,0.0,6.0,48.0,30.0,11.0,0.0,13.0,0.0,0.0,0.0,0.0,0.0,0.0,0.0,0.0,0.0,0.0
2020.0,KL Rahul,14.0,2.0,670.0,132.0,55.83,518.0,129.34,1.0,5.0,58.0,23.0,10.0,0.0,14.0,0.0,0.0,0.0,0.0,0.0,0.0,0.0,0.0,0.0,0.0
2019.0,KL Rahul,14.0,3.0,593.0,100.0,53.9,438.0,135.38,1.0,6.0,49.0,25.0,7.0,0.0,14.0,0.0,0.0,0.0,0.0,0.0,0.0,0.0,0.0,0.0,0.0
2018.0,KL Rahul,14.0,2.0,659.0,95.0,54.91,416.0,158.41,0.0,6.0,66.0,32.0,10.0,1.0,14.0,0.0,0.0,0.0,0.0,0.0,0.0,0.0,0.0,0.0,0.0
2016.0,KL Rahul,14.0,3.0,397.0,68.0,44.11,271.0,146.49,0.0,4.0,37.0,16.0,5.0,4.0,14.0,0.0,0.0,0.0,0.0,0.0,0.0,0.0,0.0,0.0,0.0
2015.0,KL Rahul,9.0,3.0,142.0,44.0,28.4,126.0,112.69,0.0,0.0,8.0,5.0,1.0,0.0,9.0,0.0,0.0,0.0,0.0,0.0,0.0,0.0,0.0,0.0,0.0
2014.0,KL Rahul,11.0,0.0,166.0,46.0,20.75,164.0,101.21,0.0,0.0,12.0,3.0,4.0,0.0,11.0,0.0,0.0,0.0,0.0,0.0,0.0,0.0,0.0,0.0,0.0
2013.0,KL Rahul,5.0,0.0,20.0,12.0,10.0,16.0,125.0,0.0,0.0,4.0,0.0,0.0,0.0,0.0,0.0,0.0,0.0,0.0,0.0,0.0,0.0,0.0,0.0,0.0
2024.0,Kagiso Rabada,11.0,2.0,20.0,11.0,20.0,14.0,142.86,0.0,0.0,0.0,2.0,5.0,0.0,11.0,252.0,372.0,11.0,33.82,8.86,22.91,0.0,0.0,2.0,18.0
2023.0,Kagiso Rabada,6.0,1.0,0.0,0.0,0.0,2.0,0.0,0.0,0.0,0.0,0.0,0.0,0.0,6.0,138.0,232.0,7.0,33.14,10.09,19.71,0.0,0.0,2.0,34.0
2022.0,Kagiso Rabada,13.0,3.0,48.0,25.0,9.6,43.0,111.63,0.0,0.0,5.0,2.0,2.0,0.0,13.0,288.0,406.0,23.0,17.65,8.46,12.52,2.0,0.0,4.0,33.0
2021.0,Kagiso Rabada,15.0,2.0,13.0,9.0,13.0,6.0,216.66,0.0,0.0,2.0,0.0,9.0,0.0,15.0,336.0,456.0,15.0,30.4,8.14,22.4,0.0,0.0,3.0,36.0
2020.0,Kagiso Rabada,17.0,4.0,56.0,15.0,14.0,49.0,114.28,0.0,0.0,4.0,2.0,8.0,0.0,17.0,394.0,548.0,30.0,18.26,8.34,13.13,2.0,0.0,4.0,24.0
2019.0,Kagiso Rabada,12.0,1.0,14.0,9.0,4.66,15.0,93.33,0.0,0.0,0.0,1.0,6.0,0.0,12.0,282.0,368.0,25.0,14.72,7.82,11.28,2.0,0.0,4.0,21.0
2017.0,Kagiso Rabada,6.0,0.0,55.0,44.0,18.33,64.0,85.93,0.0,0.0,5.0,1.0,0.0,0.0,6.0,128.0,188.0,6.0,31.33,8.81,21.33,0.0,0.0,2.0,20.0
2022.0,Kamlesh Nagarkoti,1.0,0.0,0.0,0.0,0.0,0.0,0.0,0.0,0.0,0.0,0.0,2.0,0.0,1.0,12.0,29.0,0.0,0.0,14.5,0.0,0.0,0.0,0.0,29.0
2021.0,Kamlesh Nagarkoti,1.0,0.0,0.0,0.0,0.0,2.0,0.0,0.0,0.0,0.0,0.0,0.0,0.0,1.0,12.0,25.0,0.0,0.0,12.5,0.0,0.0,0.0,0.0,25.0
2020.0,Kamlesh Nagarkoti,10.0,3.0,22.0,8.0,7.33,31.0,70.96,0.0,0.0,1.0,0.0,4.0,0.0,10.0,156.0,231.0,5.0,46.2,8.88,31.2,0.0,0.0,2.0,13.0
2024.0,Karn Sharma,9.0,0.0,31.0,20.0,10.33,15.0,206.67,0.0,0.0,2.0,3.0,6.0,0.0,9.0,144.0,254.0,7.0,36.29,10.58,20.57,0.0,0.0,2.0,29.0
2023.0,Karn Sharma,7.0,0.0,3.0,2.0,1.5,5.0,60.0,0.0,0.0,0.0,0.0,0.0,0.0,7.0,129.0,223.0,10.0,22.3,10.37,12.9,0.0,0.0,2.0,19.0
2020.0,Karn Sharma,5.0,0.0,0.0,0.0,0.0,0.0,0.0,0.0,0.0,0.0,0.0,0.0,0.0,5.0,114.0,165.0,5.0,33.0,8.68,22.8,0.0,0.0,2.0,25.0
2019.0,Karn Sharma,1.0,0.0,0.0,0.0,0.0,0.0,0.0,0.0,0.0,0.0,0.0,0.0,0.0,1.0,17.0,33.0,1.0,33.0,11.64,17.0,0.0,0.0,1.0,33.0
2018.0,Karn Sharma,6.0,1.0,0.0,0.0,0.0,0.0,0.0,0.0,0.0,0.0,0.0,3.0,0.0,6.0,57.0,89.0,4.0,22.25,9.36,14.25,0.0,0.0,2.0,13.0
2017.0,Karn Sharma,9.0,0.0,49.0,19.0,8.16,41.0,119.51,0.0,0.0,5.0,2.0,3.0,0.0,9.0,184.0,214.0,13.0,16.46,6.97,14.15,1.0,0.0,4.0,16.0
2016.0,Karn Sharma,5.0,3.0,36.0,26.0,0.0,30.0,120.0,0.0,0.0,3.0,1.0,0.0,0.0,5.0,98.0,171.0,0.0,0.0,10.46,0.0,0.0,0.0,0.0,24.0
2015.0,Karn Sharma,14.0,3.0,104.0,32.0,17.33,85.0,122.35,0.0,0.0,3.0,6.0,4.0,0.0,14.0,239.0,332.0,10.0,33.2,8.33,23.9,0.0,0.0,2.0,12.0
2014.0,Karn Sharma,14.0,4.0,42.0,17.0,10.5,29.0,144.82,0.0,0.0,1.0,3.0,0.0,0.0,14.0,304.0,376.0,15.0,25.06,7.42,20.26,1.0,0.0,4.0,38.0
2013.0,Karn Sharma,13.0,3.0,85.0,39.0,21.25,86.0,98.83,0.0,0.0,6.0,2.0,4.0,0.0,13.0,209.0,230.0,11.0,20.9,6.6,19.0,0.0,0.0,2.0,19.0
2009.0,Karn Sharma,1.0,1.0,0.0,0.0,0.0,0.0,0.0,0.0,0.0,0.0,0.0,0.0,0.0,0.0,0.0,0.0,0.0,0.0,0.0,0.0,0.0,0.0,0.0,0.0
2020.0,Karun Nair,4.0,1.0,16.0,15.0,8.0,14.0,114.28,0.0,0.0,2.0,0.0,1.0,0.0,4.0,0.0,0.0,0.0,0.0,0.0,0.0,0.0,0.0,0.0,0.0
2019.0,Karun Nair,1.0,0.0,5.0,5.0,5.0,6.0,83.33,0.0,0.0,0.0,0.0,0.0,0.0,0.0,0.0,0.0,0.0,0.0,0.0,0.0,0.0,0.0,0.0,0.0
2018.0,Karun Nair,13.0,0.0,301.0,54.0,25.08,221.0,136.19,0.0,2.0,23.0,13.0,9.0,0.0,13.0,0.0,0.0,0.0,0.0,0.0,0.0,0.0,0.0,0.0,0.0
2017.0,Karun Nair,14.0,0.0,281.0,64.0,21.61,226.0,124.33,0.0,1.0,39.0,6.0,2.0,0.0,14.0,0.0,0.0,0.0,0.0,0.0,0.0,0.0,0.0,0.0,0.0
2016.0,Karun Nair,14.0,2.0,357.0,83.0,35.7,297.0,120.2,0.0,3.0,40.0,6.0,3.0,0.0,14.0,0.0,0.0,0.0,0.0,0.0,0.0,0.0,0.0,0.0,0.0
2015.0,Karun Nair,14.0,1.0,181.0,61.0,16.45,145.0,124.82,0.0,1.0,18.0,5.0,3.0,0.0,14.0,0.0,0.0,0.0,0.0,0.0,0.0,0.0,0.0,0.0,0.0
2014.0,Karun Nair,11.0,1.0,330.0,73.0,33.0,232.0,142.24,0.0,3.0,38.0,9.0,4.0,0.0,11.0,0.0,0.0,0.0,0.0,0.0,0.0,0.0,0.0,0.0,0.0
2013.0,Karun Nair,2.0,0.0,9.0,9.0,4.5,12.0,75.0,0.0,0.0,0.0,0.0,0.0,0.0,0.0,0.0,0.0,0.0,0.0,0.0,0.0,0.0,0.0,0.0,0.0
2024.0,Khaleel Ahmed,14.0,0.0,0.0,0.0,0.0,0.0,0.0,0.0,0.0,0.0,0.0,1.0,0.0,14.0,300.0,479.0,17.0,28.18,9.58,17.65,0.0,0.0,2.0,21.0
2023.0,Khaleel Ahmed,9.0,0.0,0.0,0.0,0.0,0.0,0.0,0.0,0.0,0.0,0.0,2.0,0.0,9.0,198.0,301.0,9.0,33.44,9.12,22.0,0.0,0.0,2.0,24.0
2022.0,Khaleel Ahmed,10.0,0.0,0.0,0.0,0.0,2.0,0.0,0.0,0.0,0.0,0.0,0.0,0.0,10.0,235.0,315.0,16.0,19.69,8.04,14.69,0.0,0.0,3.0,25.0
2021.0,Khaleel Ahmed,7.0,0.0,1.0,1.0,1.0,2.0,50.0,0.0,0.0,0.0,0.0,0.0,0.0,7.0,162.0,219.0,5.0,43.8,8.11,32.4,0.0,0.0,3.0,21.0
2020.0,Khaleel Ahmed,7.0,0.0,0.0,0.0,0.0,2.0,0.0,0.0,0.0,0.0,0.0,1.0,0.0,7.0,154.0,242.0,8.0,30.25,9.42,19.25,0.0,0.0,2.0,24.0
2019.0,Khaleel Ahmed,9.0,0.0,0.0,0.0,0.0,1.0,0.0,0.0,0.0,0.0,0.0,0.0,0.0,9.0,209.0,287.0,19.0,15.1,8.23,11.0,0.0,0.0,3.0,30.0
2018.0,Khaleel Ahmed,1.0,0.0,0.0,0.0,0.0,0.0,0.0,0.0,0.0,0.0,0.0,0.0,0.0,1.0,18.0,38.0,0.0,0.0,12.66,0.0,0.0,0.0,0.0,38.0
2024.0,Krunal Pandya,14.0,8.0,133.0,43.0,33.25,105.0,126.67,0.0,0.0,8.0,5.0,3.0,0.0,14.0,198.0,255.0,6.0,42.5,7.73,33.0,0.0,0.0,3.0,11.0
2023.0,Krunal Pandya,15.0,4.0,188.0,49.0,18.8,165.0,113.94,0.0,0.0,15.0,6.0,8.0,0.0,15.0,252.0,313.0,9.0,34.78,7.45,28.0,0.0,0.0,3.0,18.0
2022.0,Krunal Pandya,14.0,4.0,183.0,42.0,20.33,145.0,126.21,0.0,0.0,16.0,4.0,7.0,0.0,14.0,228.0,265.0,10.0,26.5,6.97,22.8,0.0,0.0,3.0,19.0
2021.0,Krunal Pandya,13.0,2.0,143.0,39.0,14.3,123.0,116.26,0.0,0.0,10.0,6.0,6.0,0.0,13.0,199.0,265.0,5.0,53.0,7.98,39.8,0.0,0.0,1.0,13.0
2020.0,Krunal Pandya,16.0,6.0,109.0,34.0,18.16,92.0,118.47,0.0,0.0,9.0,5.0,4.0,0.0,16.0,301.0,380.0,6.0,63.33,7.57,50.16,0.0,0.0,2.0,26.0
2019.0,Krunal Pandya,16.0,4.0,183.0,42.0,16.63,150.0,122.0,0.0,0.0,18.0,5.0,5.0,0.0,16.0,276.0,335.0,12.0,27.91,7.28,23.0,0.0,0.0,3.0,34.0
2018.0,Krunal Pandya,14.0,3.0,228.0,41.0,22.8,157.0,145.22,0.0,0.0,22.0,10.0,9.0,0.0,14.0,241.0,284.0,12.0,23.66,7.07,20.08,0.0,0.0,3.0,28.0
2017.0,Krunal Pandya,13.0,4.0,243.0,47.0,34.71,179.0,135.75,0.0,0.0,24.0,7.0,2.0,0.0,13.0,240.0,273.0,10.0,27.3,6.82,24.0,0.0,0.0,3.0,14.0
2016.0,Krunal Pandya,12.0,3.0,237.0,86.0,39.5,124.0,191.12,0.0,1.0,22.0,13.0,2.0,0.0,12.0,187.0,236.0,6.0,39.33,7.57,31.16,0.0,0.0,2.0,15.0
2024.0,Kuldeep Sen,3.0,0.0,0.0,0.0,0.0,0.0,0.0,0.0,0.0,0.0,0.0,1.0,0.0,3.0,72.0,122.0,6.0,20.33,10.17,12.0,0.0,0.0,3.0,41.0
2023.0,Kuldeep Sen,2.0,0.0,0.0,0.0,0.0,0.0,0.0,0.0,0.0,0.0,0.0,0.0,0.0,2.0,18.0,28.0,0.0,0.0,9.33,0.0,0.0,0.0,0.0,8.0
2022.0,Kuldeep Sen,7.0,1.0,0.0,0.0,0.0,3.0,0.0,0.0,0.0,0.0,0.0,3.0,0.0,7.0,151.0,237.0,8.0,29.63,9.42,18.88,1.0,0.0,4.0,20.0
2024.0,Kuldeep Yadav,11.0,2.0,47.0,35.0,15.67,41.0,114.63,0.0,0.0,6.0,1.0,2.0,0.0,11.0,258.0,374.0,16.0,23.38,8.7,16.13,1.0,0.0,4.0,55.0
2023.0,Kuldeep Yadav,14.0,8.0,31.0,10.0,15.5,48.0,64.58,0.0,0.0,2.0,0.0,2.0,0.0,14.0,294.0,361.0,10.0,36.1,7.37,29.4,0.0,0.0,2.0,15.0
2022.0,Kuldeep Yadav,14.0,6.0,48.0,16.0,48.0,52.0,92.31,0.0,0.0,3.0,2.0,5.0,0.0,14.0,298.0,419.0,21.0,19.95,8.44,14.19,2.0,0.0,4.0,14.0
2020.0,Kuldeep Yadav,5.0,1.0,13.0,12.0,13.0,21.0,61.9,0.0,0.0,1.0,0.0,0.0,0.0,5.0,72.0,92.0,1.0,92.0,7.66,72.0,0.0,0.0,1.0,20.0
2019.0,Kuldeep Yadav,9.0,2.0,12.0,10.0,6.0,8.0,150.0,0.0,0.0,1.0,0.0,3.0,0.0,9.0,198.0,286.0,4.0,71.5,8.66,49.5,0.0,0.0,2.0,41.0
2018.0,Kuldeep Yadav,16.0,2.0,12.0,7.0,12.0,24.0,50.0,0.0,0.0,1.0,0.0,6.0,0.0,16.0,308.0,418.0,17.0,24.58,8.14,18.11,1.0,0.0,4.0,20.0
2017.0,Kuldeep Yadav,12.0,0.0,20.0,16.0,10.0,22.0,90.9,0.0,0.0,2.0,0.0,1.0,0.0,12.0,246.0,340.0,12.0,28.33,8.29,20.5,0.0,0.0,2.0,25.0
2016.0,Kuldeep Yadav,3.0,0.0,0.0,0.0,0.0,0.0,0.0,0.0,0.0,0.0,0.0,1.0,0.0,3.0,72.0,100.0,6.0,16.66,8.33,12.0,0.0,0.0,3.0,35.0
2019.0,Kulwant Khejroliya,0.0,0.0,0.0,0.0,0.0,0.0,0.0,0.0,0.0,0.0,0.0,0.0,0.0,2.0,30.0,47.0,1.0,47.0,9.4,30.0,0.0,0.0,1.0,29.0
2018.0,Kulwant Khejroliya,0.0,0.0,0.0,0.0,0.0,0.0,0.0,0.0,0.0,0.0,0.0,0.0,0.0,3.0,65.0,107.0,2.0,53.5,9.87,32.5,0.0,0.0,2.0,33.0
2023.0,Kumar Kartikeya Singh,8.0,0.0,6.0,6.0,6.0,7.0,85.71,0.0,0.0,1.0,0.0,1.0,0.0,8.0,156.0,227.0,5.0,45.4,8.73,31.2,0.0,0.0,2.0,37.0
2022.0,Kumar Kartikeya Singh,4.0,0.0,3.0,3.0,3.0,5.0,60.0,0.0,0.0,0.0,0.0,0.0,0.0,4.0,78.0,102.0,5.0,20.4,7.85,15.6,0.0,0.0,2.0,22.0
2024.0,Kumar Kushagra,4.0,0.0,3.0,2.0,1.0,7.0,42.86,0.0,0.0,0.0,0.0,1.0,0.0,4.0,0.0,0.0,0.0,0.0,0.0,0.0,0.0,0.0,0.0,0.0
2024.0,Kwena Maphaka,2.0,0.0,0.0,0.0,0.0,0.0,0.0,0.0,0.0,0.0,0.0,0.0,0.0,2.0,36.0,89.0,1.0,89.0,14.83,36.0,0.0,0.0,1.0,23.0
2024.0,Liam Livingstone,7.0,2.0,111.0,38.0,22.2,78.0,142.31,0.0,0.0,8.0,7.0,1.0,0.0,7.0,72.0,84.0,3.0,28.0,7.0,24.0,0.0,0.0,2.0,19.0
2023.0,Liam Livingstone,9.0,1.0,279.0,94.0,34.88,171.0,163.16,0.0,2.0,20.0,19.0,4.0,0.0,9.0,42.0,94.0,2.0,47.0,13.43,21.0,0.0,0.0,1.0,19.0
2022.0,Liam Livingstone,14.0,2.0,437.0,70.0,36.42,240.0,182.08,0.0,4.0,29.0,34.0,6.0,0.0,14.0,138.0,202.0,6.0,33.67,8.78,23.0,0.0,0.0,3.0,27.0
2021.0,Liam Livingstone,5.0,0.0,42.0,25.0,8.4,41.0,102.43,0.0,0.0,3.0,1.0,3.0,0.0,5.0,0.0,0.0,0.0,0.0,0.0,0.0,0.0,0.0,0.0,0.0
2019.0,Liam Livingstone,4.0,1.0,70.0,44.0,23.33,48.0,145.83,0.0,0.0,6.0,5.0,4.0,0.0,4.0,6.0,13.0,0.0,0.0,13.0,0.0,0.0,0.0,0.0,13.0
2024.0,Lockie Ferguson,7.0,0.0,1.0,1.0,1.0,1.0,100.0,0.0,0.0,0.0,0.0,4.0,0.0,7.0,144.0,255.0,9.0,28.33,10.63,16.0,0.0,0.0,2.0,23.0
2023.0,Lockie Ferguson,3.0,0.0,0.0,0.0,0.0,0.0,0.0,0.0,0.0,0.0,0.0,0.0,0.0,3.0,46.0,96.0,1.0,96.0,12.52,46.0,0.0,0.0,1.0,19.0
2022.0,Lockie Ferguson,13.0,1.0,5.0,5.0,2.5,4.0,125.0,0.0,0.0,1.0,0.0,2.0,0.0,13.0,286.0,427.0,12.0,35.58,8.96,23.83,1.0,0.0,4.0,28.0
2021.0,Lockie Ferguson,8.0,3.0,18.0,18.0,0.0,11.0,163.63,0.0,0.0,1.0,1.0,3.0,0.0,8.0,180.0,224.0,13.0,17.23,7.46,13.84,0.0,0.0,3.0,18.0
2020.0,Lockie Ferguson,5.0,2.0,43.0,24.0,0.0,29.0,148.27,0.0,0.0,4.0,1.0,0.0,0.0,5.0,119.0,148.0,6.0,24.66,7.46,19.83,0.0,0.0,3.0,15.0
2019.0,Lockie Ferguson,5.0,0.0,0.0,0.0,0.0,0.0,0.0,0.0,0.0,0.0,0.0,0.0,0.0,5.0,102.0,183.0,2.0,91.5,10.76,51.0,0.0,0.0,1.0,38.0
2017.0,Lockie Ferguson,4.0,1.0,1.0,1.0,0.0,1.0,100.0,0.0,0.0,0.0,0.0,0.0,0.0,4.0,78.0,93.0,3.0,31.0,7.15,26.0,0.0,0.0,2.0,7.0
2021.0,Lungi Ngidi,3.0,0.0,0.0,0.0,0.0,0.0,0.0,0.0,0.0,0.0,0.0,1.0,0.0,3.0,72.0,125.0,5.0,25.0,10.41,14.4,0.0,0.0,0.0,0.0
2020.0,Lungi Ngidi,4.0,0.0,0.0,0.0,0.0,0.0,0.0,0.0,0.0,0.0,0.0,0.0,0.0,4.0,96.0,167.0,9.0,18.55,10.43,10.66,0.0,0.0,0.0,0.0
2018.0,Lungi Ngidi,7.0,0.0,0.0,0.0,0.0,0.0,0.0,0.0,0.0,0.0,0.0,1.0,0.0,7.0,156.0,156.0,11.0,14.18,6.0,14.18,1.0,0.0,0.0,0.0
2024.0,M Siddharth,3.0,0.0,0.0,0.0,0.0,0.0,0.0,0.0,0.0,0.0,0.0,0.0,0.0,3.0,54.0,71.0,1.0,71.0,7.89,54.0,0.0,0.0,1.0,21.0
2024.0,MS Dhoni,14.0,8.0,161.0,37.0,53.67,73.0,220.55,0.0,0.0,14.0,13.0,10.0,0.0,14.0,0.0,0.0,0.0,0.0,0.0,0.0,0.0,0.0,0.0,0.0
2023.0,MS Dhoni,16.0,8.0,104.0,32.0,26.0,57.0,182.46,0.0,0.0,3.0,10.0,7.0,3.0,16.0,0.0,0.0,0.0,0.0,0.0,0.0,0.0,0.0,0.0,0.0
2022.0,MS Dhoni,14.0,6.0,232.0,50.0,33.14,188.0,123.4,0.0,1.0,21.0,10.0,9.0,0.0,14.0,0.0,0.0,0.0,0.0,0.0,0.0,0.0,0.0,0.0,0.0
2021.0,MS Dhoni,16.0,4.0,114.0,18.0,16.28,107.0,106.54,0.0,0.0,12.0,3.0,13.0,0.0,16.0,0.0,0.0,0.0,0.0,0.0,0.0,0.0,0.0,0.0,0.0
2020.0,MS Dhoni,14.0,4.0,200.0,47.0,25.0,172.0,116.27,0.0,0.0,16.0,7.0,15.0,1.0,14.0,0.0,0.0,0.0,0.0,0.0,0.0,0.0,0.0,0.0,0.0
2019.0,MS Dhoni,15.0,7.0,416.0,84.0,83.2,309.0,134.62,0.0,3.0,22.0,23.0,11.0,5.0,15.0,0.0,0.0,0.0,0.0,0.0,0.0,0.0,0.0,0.0,0.0
2018.0,MS Dhoni,16.0,9.0,455.0,79.0,75.83,302.0,150.66,0.0,3.0,24.0,30.0,11.0,3.0,16.0,0.0,0.0,0.0,0.0,0.0,0.0,0.0,0.0,0.0,0.0
2017.0,MS Dhoni,16.0,4.0,290.0,61.0,26.36,250.0,116.0,0.0,1.0,15.0,16.0,10.0,3.0,16.0,0.0,0.0,0.0,0.0,0.0,0.0,0.0,0.0,0.0,0.0
2016.0,MS Dhoni,14.0,5.0,284.0,64.0,40.57,210.0,135.23,0.0,1.0,18.0,14.0,8.0,4.0,14.0,0.0,0.0,0.0,0.0,0.0,0.0,0.0,0.0,0.0,0.0
2015.0,MS Dhoni,17.0,5.0,372.0,53.0,31.0,305.0,121.96,0.0,1.0,27.0,17.0,8.0,3.0,17.0,0.0,0.0,0.0,0.0,0.0,0.0,0.0,0.0,0.0,0.0
2014.0,MS Dhoni,16.0,10.0,371.0,57.0,74.2,250.0,148.4,0.0,1.0,22.0,20.0,3.0,1.0,16.0,0.0,0.0,0.0,0.0,0.0,0.0,0.0,0.0,0.0,0.0
2013.0,MS Dhoni,18.0,5.0,461.0,67.0,41.9,283.0,162.89,0.0,4.0,32.0,25.0,15.0,2.0,18.0,0.0,0.0,0.0,0.0,0.0,0.0,0.0,0.0,0.0,0.0
2012.0,MS Dhoni,19.0,5.0,358.0,51.0,29.83,278.0,128.77,0.0,1.0,26.0,9.0,12.0,2.0,19.0,0.0,0.0,0.0,0.0,0.0,0.0,0.0,0.0,0.0,0.0
2011.0,MS Dhoni,16.0,4.0,392.0,70.0,43.55,247.0,158.7,0.0,2.0,25.0,23.0,5.0,5.0,16.0,0.0,0.0,0.0,0.0,0.0,0.0,0.0,0.0,0.0,0.0
2010.0,MS Dhoni,13.0,2.0,287.0,66.0,31.88,210.0,136.66,0.0,2.0,26.0,8.0,5.0,6.0,13.0,0.0,0.0,0.0,0.0,0.0,0.0,0.0,0.0,0.0,0.0
2009.0,MS Dhoni,14.0,5.0,332.0,58.0,41.5,261.0,127.2,0.0,2.0,22.0,9.0,4.0,4.0,14.0,0.0,0.0,0.0,0.0,0.0,0.0,0.0,0.0,0.0,0.0
2008.0,MS Dhoni,16.0,4.0,414.0,65.0,41.4,310.0,133.54,0.0,2.0,38.0,15.0,6.0,0.0,16.0,0.0,0.0,0.0,0.0,0.0,0.0,0.0,0.0,0.0,0.0
2024.0,Maheesh Theekshana,5.0,0.0,0.0,0.0,0.0,0.0,0.0,0.0,0.0,0.0,0.0,1.0,0.0,5.0,120.0,144.0,2.0,72.0,7.2,60.0,0.0,0.0,1.0,27.0
2023.0,Maheesh Theekshana,13.0,0.0,0.0,0.0,0.0,0.0,0.0,0.0,0.0,0.0,0.0,3.0,0.0,13.0,294.0,392.0,11.0,35.64,8.0,26.73,0.0,0.0,2.0,23.0
2022.0,Maheesh Theekshana,9.0,1.0,7.0,7.0,7.0,7.0,100.0,0.0,0.0,0.0,1.0,0.0,0.0,9.0,210.0,261.0,12.0,21.75,7.46,17.5,1.0,0.0,4.0,33.0
2024.0,Mahipal Lomror,10.0,2.0,125.0,33.0,15.63,68.0,183.82,0.0,0.0,9.0,9.0,3.0,0.0,10.0,6.0,18.0,0.0,0.0,18.0,0.0,0.0,0.0,0.0,18.0
2023.0,Mahipal Lomror,12.0,2.0,135.0,54.0,16.88,97.0,139.18,0.0,1.0,9.0,8.0,4.0,0.0,12.0,12.0,17.0,0.0,0.0,8.5,0.0,0.0,0.0,0.0,4.0
2022.0,Mahipal Lomror,7.0,0.0,86.0,42.0,17.2,57.0,150.88,0.0,0.0,7.0,4.0,2.0,0.0,7.0,12.0,18.0,0.0,0.0,9.0,0.0,0.0,0.0,0.0,7.0
2021.0,Mahipal Lomror,4.0,1.0,94.0,43.0,31.33,73.0,128.76,0.0,0.0,3.0,6.0,0.0,0.0,4.0,42.0,47.0,1.0,47.0,6.71,42.0,0.0,0.0,1.0,22.0
2020.0,Mahipal Lomror,3.0,0.0,59.0,47.0,19.66,54.0,109.25,0.0,0.0,2.0,3.0,0.0,0.0,3.0,0.0,0.0,0.0,0.0,0.0,0.0,0.0,0.0,0.0,0.0
2019.0,Mahipal Lomror,2.0,0.0,8.0,8.0,8.0,3.0,266.66,0.0,0.0,2.0,0.0,1.0,0.0,2.0,0.0,0.0,0.0,0.0,0.0,0.0,0.0,0.0,0.0,0.0
2018.0,Mahipal Lomror,2.0,1.0,20.0,11.0,20.0,21.0,95.23,0.0,0.0,1.0,0.0,0.0,0.0,2.0,18.0,27.0,0.0,0.0,9.0,0.0,0.0,0.0,0.0,8.0
2024.0,Manav Suthar,1.0,0.0,1.0,1.0,1.0,2.0,50.0,0.0,0.0,0.0,0.0,0.0,0.0,1.0,12.0,26.0,0.0,0.0,13.0,0.0,0.0,0.0,0.0,26.0
2024.0,Manish Pandey,1.0,0.0,42.0,42.0,42.0,31.0,135.48,0.0,0.0,2.0,2.0,4.0,0.0,1.0,0.0,0.0,0.0,0.0,0.0,0.0,0.0,0.0,0.0,0.0
2023.0,Manish Pandey,10.0,0.0,160.0,50.0,17.78,146.0,109.59,0.0,1.0,15.0,3.0,3.0,0.0,10.0,0.0,0.0,0.0,0.0,0.0,0.0,0.0,0.0,0.0,0.0
2022.0,Manish Pandey,6.0,0.0,88.0,38.0,14.67,80.0,110.0,0.0,0.0,9.0,2.0,3.0,0.0,6.0,0.0,0.0,0.0,0.0,0.0,0.0,0.0,0.0,0.0,0.0
2021.0,Manish Pandey,8.0,2.0,292.0,69.0,48.66,236.0,123.72,0.0,3.0,21.0,10.0,5.0,0.0,8.0,0.0,0.0,0.0,0.0,0.0,0.0,0.0,0.0,0.0,0.0
2020.0,Manish Pandey,16.0,2.0,425.0,83.0,32.69,333.0,127.62,0.0,3.0,35.0,18.0,7.0,0.0,16.0,0.0,0.0,0.0,0.0,0.0,0.0,0.0,0.0,0.0,0.0
2019.0,Manish Pandey,12.0,3.0,344.0,83.0,43.0,263.0,130.79,0.0,3.0,34.0,6.0,7.0,0.0,12.0,0.0,0.0,0.0,0.0,0.0,0.0,0.0,0.0,0.0,0.0
2018.0,Manish Pandey,15.0,2.0,284.0,62.0,25.81,246.0,115.44,0.0,3.0,22.0,5.0,9.0,0.0,15.0,0.0,0.0,0.0,0.0,0.0,0.0,0.0,0.0,0.0,0.0
2017.0,Manish Pandey,14.0,5.0,396.0,81.0,49.5,308.0,128.57,0.0,2.0,28.0,12.0,8.0,0.0,14.0,0.0,0.0,0.0,0.0,0.0,0.0,0.0,0.0,0.0,0.0
2016.0,Manish Pandey,12.0,3.0,248.0,52.0,31.0,183.0,135.51,0.0,2.0,17.0,9.0,7.0,0.0,12.0,0.0,0.0,0.0,0.0,0.0,0.0,0.0,0.0,0.0,0.0
2015.0,Manish Pandey,13.0,1.0,225.0,40.0,20.45,184.0,122.28,0.0,0.0,22.0,7.0,5.0,0.0,13.0,0.0,0.0,0.0,0.0,0.0,0.0,0.0,0.0,0.0,0.0
2014.0,Manish Pandey,16.0,3.0,401.0,94.0,30.84,340.0,117.94,0.0,2.0,35.0,10.0,3.0,0.0,16.0,0.0,0.0,0.0,0.0,0.0,0.0,0.0,0.0,0.0,0.0
2013.0,Manish Pandey,7.0,1.0,136.0,66.0,22.66,137.0,99.27,0.0,1.0,11.0,3.0,6.0,0.0,7.0,0.0,0.0,0.0,0.0,0.0,0.0,0.0,0.0,0.0,0.0
2012.0,Manish Pandey,10.0,2.0,143.0,80.0,20.42,112.0,127.67,0.0,1.0,12.0,6.0,3.0,0.0,10.0,0.0,0.0,0.0,0.0,0.0,0.0,0.0,0.0,0.0,0.0
2011.0,Manish Pandey,10.0,0.0,246.0,59.0,27.33,227.0,108.37,0.0,1.0,28.0,6.0,5.0,0.0,10.0,0.0,0.0,0.0,0.0,0.0,0.0,0.0,0.0,0.0,0.0
2010.0,Manish Pandey,13.0,1.0,249.0,42.0,20.75,226.0,110.17,0.0,0.0,27.0,7.0,7.0,0.0,13.0,0.0,0.0,0.0,0.0,0.0,0.0,0.0,0.0,0.0,0.0
2009.0,Manish Pandey,5.0,2.0,168.0,114.0,84.0,118.0,142.37,1.0,0.0,17.0,4.0,4.0,0.0,5.0,0.0,0.0,0.0,0.0,0.0,0.0,0.0,0.0,0.0,0.0
2008.0,Manish Pandey,3.0,0.0,3.0,3.0,1.5,9.0,33.33,0.0,0.0,0.0,0.0,0.0,0.0,0.0,0.0,0.0,0.0,0.0,0.0,0.0,0.0,0.0,0.0,0.0
2024.0,Marco Jansen,3.0,1.0,18.0,17.0,18.0,13.0,138.46,0.0,0.0,1.0,1.0,6.0,0.0,3.0,60.0,129.0,1.0,129.0,12.9,60.0,0.0,0.0,1.0,45.0
2023.0,Marco Jansen,8.0,3.0,39.0,17.0,13.0,43.0,90.7,0.0,0.0,4.0,0.0,3.0,0.0,8.0,162.0,267.0,10.0,26.7,9.89,16.2,0.0,0.0,2.0,16.0
2022.0,Marco Jansen,8.0,2.0,9.0,8.0,9.0,7.0,128.57,0.0,0.0,0.0,1.0,3.0,0.0,8.0,192.0,274.0,7.0,39.14,8.56,27.43,0.0,0.0,3.0,25.0
2021.0,Marco Jansen,2.0,0.0,0.0,0.0,0.0,3.0,0.0,0.0,0.0,0.0,0.0,1.0,0.0,2.0,36.0,45.0,2.0,22.5,7.5,18.0,0.0,0.0,2.0,28.0
2024.0,Marcus Stoinis,14.0,2.0,388.0,124.0,32.33,263.0,147.53,1.0,2.0,39.0,16.0,4.0,0.0,14.0,84.0,126.0,4.0,31.5,9.0,21.0,0.0,0.0,1.0,3.0
2023.0,Marcus Stoinis,15.0,2.0,408.0,89.0,31.38,272.0,150.0,0.0,3.0,28.0,27.0,4.0,0.0,15.0,65.0,100.0,5.0,20.0,9.23,13.0,0.0,0.0,2.0,20.0
2022.0,Marcus Stoinis,11.0,2.0,156.0,38.0,19.5,106.0,147.17,0.0,0.0,7.0,13.0,4.0,0.0,11.0,42.0,79.0,4.0,19.75,11.29,10.5,0.0,0.0,3.0,23.0
2021.0,Marcus Stoinis,10.0,3.0,89.0,27.0,22.25,72.0,123.61,0.0,0.0,11.0,1.0,2.0,0.0,10.0,67.0,117.0,2.0,58.5,10.47,33.5,0.0,0.0,1.0,7.0
2020.0,Marcus Stoinis,17.0,3.0,352.0,65.0,25.14,237.0,148.52,0.0,3.0,31.0,16.0,3.0,0.0,17.0,178.0,283.0,13.0,21.76,9.53,13.69,0.0,0.0,3.0,26.0
2019.0,Marcus Stoinis,10.0,6.0,211.0,46.0,52.75,156.0,135.25,0.0,0.0,14.0,10.0,2.0,0.0,10.0,100.0,145.0,2.0,72.5,8.7,50.0,0.0,0.0,1.0,13.0
2018.0,Marcus Stoinis,7.0,3.0,99.0,29.0,24.75,76.0,130.26,0.0,0.0,6.0,4.0,2.0,0.0,7.0,66.0,120.0,3.0,40.0,10.9,22.0,0.0,0.0,1.0,15.0
2017.0,Marcus Stoinis,5.0,0.0,17.0,9.0,5.66,24.0,70.83,0.0,0.0,1.0,0.0,3.0,0.0,5.0,63.0,110.0,2.0,55.0,10.47,31.5,0.0,0.0,1.0,28.0
2016.0,Marcus Stoinis,7.0,1.0,146.0,52.0,36.5,108.0,135.18,0.0,1.0,13.0,4.0,0.0,0.0,7.0,138.0,194.0,8.0,24.25,8.43,17.25,1.0,0.0,4.0,15.0
2024.0,Matheesha Pathirana,6.0,0.0,0.0,0.0,0.0,0.0,0.0,0.0,0.0,0.0,0.0,1.0,0.0,6.0,132.0,169.0,13.0,13.0,7.68,10.15,1.0,0.0,4.0,28.0
2023.0,Matheesha Pathirana,12.0,0.0,0.0,0.0,0.0,0.0,0.0,0.0,0.0,0.0,0.0,4.0,0.0,12.0,278.0,371.0,19.0,19.53,8.01,14.63,0.0,0.0,3.0,15.0
2022.0,Matheesha Pathirana,2.0,0.0,0.0,0.0,0.0,0.0,0.0,0.0,0.0,0.0,0.0,1.0,0.0,2.0,41.0,52.0,2.0,26.0,7.61,20.5,0.0,0.0,2.0,24.0
2024.0,Mayank Markande,7.0,0.0,0.0,0.0,0.0,0.0,0.0,0.0,0.0,0.0,0.0,2.0,0.0,7.0,132.0,259.0,8.0,32.38,11.77,16.5,0.0,0.0,2.0,26.0
2023.0,Mayank Markande,10.0,3.0,21.0,18.0,0.0,13.0,161.54,0.0,0.0,2.0,1.0,1.0,0.0,10.0,228.0,300.0,12.0,25.0,7.89,19.0,1.0,0.0,4.0,15.0
2022.0,Mayank Markande,2.0,0.0,0.0,0.0,0.0,0.0,0.0,0.0,0.0,0.0,0.0,2.0,0.0,2.0,42.0,57.0,1.0,57.0,8.14,42.0,0.0,0.0,1.0,26.0
2021.0,Mayank Markande,1.0,0.0,0.0,0.0,0.0,0.0,0.0,0.0,0.0,0.0,0.0,0.0,0.0,1.0,18.0,26.0,0.0,0.0,8.66,0.0,0.0,0.0,0.0,26.0
2019.0,Mayank Markande,3.0,1.0,6.0,6.0,6.0,5.0,120.0,0.0,0.0,1.0,0.0,0.0,0.0,3.0,36.0,59.0,1.0,59.0,9.83,36.0,0.0,0.0,1.0,23.0
2018.0,Mayank Markande,14.0,4.0,21.0,7.0,10.5,24.0,87.5,0.0,0.0,2.0,0.0,3.0,0.0,14.0,264.0,368.0,15.0,24.53,8.36,17.6,1.0,0.0,4.0,23.0
2024.0,Mayank Yadav,4.0,0.0,0.0,0.0,0.0,0.0,0.0,0.0,0.0,0.0,0.0,1.0,0.0,4.0,73.0,85.0,7.0,12.14,6.99,10.43,0.0,0.0,3.0,14.0
2024.0,Mitchell Marsh,4.0,0.0,61.0,23.0,15.25,38.0,160.53,0.0,0.0,9.0,3.0,0.0,0.0,4.0,48.0,103.0,1.0,103.0,12.88,48.0,0.0,0.0,1.0,37.0
2023.0,Mitchell Marsh,9.0,0.0,128.0,63.0,14.22,97.0,131.96,0.0,1.0,11.0,7.0,3.0,0.0,9.0,121.0,170.0,12.0,14.17,8.43,10.08,1.0,0.0,4.0,27.0
2022.0,Mitchell Marsh,8.0,0.0,251.0,89.0,31.38,189.0,132.8,0.0,2.0,19.0,14.0,0.0,0.0,8.0,72.0,102.0,4.0,25.5,8.5,18.0,0.0,0.0,2.0,25.0
2020.0,Mitchell Marsh,1.0,0.0,0.0,0.0,0.0,1.0,0.0,0.0,0.0,0.0,0.0,0.0,0.0,1.0,4.0,6.0,0.0,0.0,9.0,0.0,0.0,0.0,0.0,6.0
2016.0,Mitchell Marsh,3.0,0.0,7.0,7.0,7.0,11.0,63.63,0.0,0.0,0.0,0.0,0.0,0.0,3.0,54.0,45.0,4.0,11.25,5.0,13.5,0.0,0.0,2.0,14.0
2013.0,Mitchell Marsh,9.0,1.0,141.0,38.0,20.14,106.0,132.07,0.0,0.0,6.0,10.0,7.0,0.0,9.0,116.0,182.0,7.0,26.0,9.41,16.57,0.0,0.0,2.0,7.0
2011.0,Mitchell Marsh,5.0,1.0,50.0,37.0,25.0,49.0,102.04,0.0,0.0,2.0,3.0,0.0,0.0,5.0,85.0,99.0,7.0,14.14,6.98,12.14,1.0,0.0,4.0,25.0
2010.0,Mitchell Marsh,3.0,0.0,28.0,15.0,14.0,30.0,93.33,0.0,0.0,1.0,1.0,0.0,0.0,3.0,60.0,88.0,2.0,44.0,8.8,30.0,0.0,0.0,1.0,19.0
2024.0,Mitchell Santner,3.0,0.0,14.0,11.0,4.67,17.0,82.35,0.0,0.0,1.0,0.0,1.0,0.0,3.0,54.0,64.0,2.0,32.0,7.11,27.0,0.0,0.0,1.0,10.0
2023.0,Mitchell Santner,3.0,2.0,2.0,1.0,0.0,4.0,50.0,0.0,0.0,0.0,0.0,1.0,0.0,3.0,72.0,81.0,3.0,27.0,6.75,24.0,0.0,0.0,2.0,28.0
2022.0,Mitchell Santner,6.0,2.0,22.0,11.0,11.0,27.0,81.48,0.0,0.0,3.0,0.0,2.0,0.0,6.0,114.0,130.0,4.0,32.5,6.84,28.5,0.0,0.0,1.0,15.0
2020.0,Mitchell Santner,2.0,0.0,0.0,0.0,0.0,0.0,0.0,0.0,0.0,0.0,0.0,1.0,0.0,2.0,42.0,53.0,2.0,26.5,7.57,21.0,0.0,0.0,1.0,23.0
2019.0,Mitchell Santner,4.0,1.0,32.0,22.0,32.0,23.0,139.13,0.0,0.0,0.0,3.0,1.0,0.0,4.0,84.0,94.0,4.0,23.5,6.71,21.0,0.0,0.0,2.0,13.0
2024.0,Mitchell Starc,13.0,3.0,9.0,6.0,4.5,11.0,81.82,0.0,0.0,1.0,0.0,6.0,0.0,14.0,251.0,444.0,17.0,26.12,10.61,14.76,1.0,0.0,4.0,33.0
2015.0,Mitchell Starc,13.0,2.0,11.0,9.0,11.0,14.0,78.57,0.0,0.0,1.0,0.0,7.0,0.0,13.0,258.0,291.0,20.0,14.55,6.76,12.9,1.0,0.0,4.0,15.0
2014.0,Mitchell Starc,14.0,3.0,85.0,29.0,14.16,84.0,101.19,0.0,0.0,9.0,0.0,9.0,0.0,14.0,322.0,402.0,14.0,28.71,7.49,23.0,0.0,0.0,2.0,21.0
2024.0,Moeen Ali,8.0,0.0,128.0,56.0,25.6,98.0,130.61,0.0,1.0,7.0,8.0,2.0,0.0,8.0,48.0,71.0,2.0,35.5,8.88,24.0,0.0,0.0,2.0,23.0
2023.0,Moeen Ali,15.0,3.0,124.0,23.0,17.71,91.0,136.26,0.0,0.0,12.0,6.0,4.0,0.0,15.0,156.0,195.0,9.0,21.67,7.5,17.33,1.0,0.0,4.0,26.0
2022.0,Moeen Ali,10.0,0.0,244.0,93.0,24.4,177.0,137.85,0.0,1.0,24.0,11.0,5.0,0.0,10.0,143.0,158.0,8.0,19.75,6.63,17.88,0.0,0.0,3.0,13.0
2021.0,Moeen Ali,15.0,1.0,357.0,58.0,25.5,260.0,137.3,0.0,1.0,31.0,19.0,7.0,0.0,15.0,152.0,161.0,6.0,26.83,6.35,25.33,0.0,0.0,3.0,7.0
2020.0,Moeen Ali,3.0,0.0,12.0,11.0,4.0,16.0,75.0,0.0,0.0,1.0,0.0,1.0,0.0,3.0,30.0,42.0,1.0,42.0,8.4,30.0,0.0,0.0,1.0,21.0
2019.0,Moeen Ali,11.0,2.0,220.0,66.0,27.5,133.0,165.41,0.0,2.0,16.0,17.0,1.0,0.0,11.0,150.0,169.0,6.0,28.16,6.76,25.0,0.0,0.0,2.0,18.0
2018.0,Moeen Ali,5.0,0.0,77.0,65.0,19.25,46.0,167.39,0.0,1.0,4.0,6.0,2.0,0.0,5.0,79.0,97.0,3.0,32.33,7.36,26.33,0.0,0.0,1.0,13.0
2021.0,Mohammad Shami,14.0,3.0,13.0,9.0,13.0,17.0,76.47,0.0,0.0,0.0,0.0,1.0,0.0,14.0,316.0,395.0,19.0,20.78,7.5,16.63,0.0,0.0,3.0,21.0
2020.0,Mohammad Shami,14.0,2.0,2.0,2.0,2.0,3.0,66.66,0.0,0.0,0.0,0.0,2.0,0.0,14.0,322.0,460.0,20.0,23.0,8.57,16.1,0.0,0.0,3.0,15.0
2019.0,Mohammad Shami,14.0,1.0,1.0,1.0,1.0,2.0,50.0,0.0,0.0,0.0,0.0,5.0,0.0,14.0,324.0,469.0,19.0,24.68,8.68,17.05,0.0,0.0,3.0,21.0
2018.0,Mohammad Shami,4.0,0.0,7.0,7.0,7.0,6.0,116.66,0.0,0.0,1.0,0.0,2.0,0.0,4.0,83.0,144.0,3.0,48.0,10.4,27.66,0.0,0.0,1.0,29.0
2017.0,Mohammad Shami,8.0,2.0,36.0,21.0,9.0,24.0,150.0,0.0,0.0,4.0,2.0,0.0,0.0,8.0,156.0,243.0,5.0,48.6,9.34,31.2,0.0,0.0,2.0,36.0
2016.0,Mohammad Shami,8.0,2.0,2.0,2.0,0.0,4.0,50.0,0.0,0.0,0.0,0.0,1.0,0.0,8.0,151.0,244.0,5.0,48.8,9.69,30.2,0.0,0.0,2.0,34.0
2014.0,Mohammad Shami,12.0,2.0,3.0,1.0,1.5,7.0,42.85,0.0,0.0,0.0,0.0,0.0,0.0,12.0,264.0,369.0,7.0,52.71,8.38,37.71,0.0,0.0,1.0,22.0
2013.0,Mohammad Shami,3.0,0.0,5.0,5.0,5.0,10.0,50.0,0.0,0.0,0.0,0.0,0.0,0.0,3.0,54.0,78.0,1.0,78.0,8.66,54.0,0.0,0.0,1.0,32.0
2024.0,Mohammed Siraj,14.0,1.0,12.0,12.0,6.0,8.0,150.0,0.0,0.0,0.0,2.0,3.0,0.0,14.0,324.0,496.0,15.0,33.07,9.19,21.6,0.0,0.0,3.0,43.0
2023.0,Mohammed Siraj,14.0,1.0,1.0,1.0,1.0,2.0,50.0,0.0,0.0,0.0,0.0,4.0,0.0,14.0,300.0,376.0,19.0,19.79,7.52,15.79,1.0,0.0,4.0,21.0
2022.0,Mohammed Siraj,15.0,3.0,30.0,14.0,15.0,33.0,90.91,0.0,0.0,5.0,0.0,6.0,0.0,15.0,306.0,514.0,9.0,57.11,10.08,34.0,0.0,0.0,2.0,30.0
2021.0,Mohammed Siraj,15.0,3.0,20.0,12.0,20.0,26.0,76.92,0.0,0.0,1.0,1.0,4.0,0.0,15.0,312.0,353.0,11.0,32.09,6.78,28.36,0.0,0.0,3.0,27.0
2020.0,Mohammed Siraj,9.0,2.0,17.0,10.0,17.0,14.0,121.42,0.0,0.0,2.0,0.0,4.0,0.0,9.0,163.0,236.0,11.0,21.45,8.68,14.81,0.0,0.0,3.0,8.0
2019.0,Mohammed Siraj,9.0,3.0,4.0,3.0,4.0,14.0,28.57,0.0,0.0,0.0,0.0,2.0,0.0,9.0,169.0,269.0,7.0,38.42,9.55,24.14,0.0,0.0,2.0,38.0
2018.0,Mohammed Siraj,11.0,2.0,25.0,14.0,12.5,22.0,113.63,0.0,0.0,2.0,1.0,5.0,0.0,11.0,246.0,367.0,11.0,33.36,8.95,22.36,0.0,0.0,3.0,25.0
2017.0,Mohammed Siraj,6.0,0.0,0.0,0.0,0.0,0.0,0.0,0.0,0.0,0.0,0.0,1.0,0.0,6.0,138.0,212.0,10.0,21.2,9.21,13.8,1.0,0.0,4.0,32.0
2024.0,Mohd. Arshad Khan,4.0,2.0,83.0,58.0,41.5,54.0,153.7,0.0,1.0,6.0,5.0,1.0,0.0,4.0,61.0,114.0,1.0,114.0,11.21,61.0,0.0,0.0,1.0,45.0
2023.0,Mohd. Arshad Khan,6.0,1.0,18.0,15.0,9.0,15.0,120.0,0.0,0.0,0.0,1.0,2.0,0.0,6.0,85.0,190.0,5.0,38.0,13.41,17.0,0.0,0.0,3.0,39.0
2024.0,Mohit Sharma,12.0,1.0,4.0,4.0,2.0,15.0,26.67,0.0,0.0,0.0,0.0,4.0,0.0,12.0,234.0,425.0,13.0,32.69,10.9,18.0,0.0,0.0,3.0,25.0
2023.0,Mohit Sharma,14.0,1.0,0.0,0.0,0.0,1.0,0.0,0.0,0.0,0.0,0.0,6.0,0.0,14.0,265.0,361.0,27.0,13.37,8.17,9.81,2.0,1.0,5.0,10.0
2020.0,Mohit Sharma,0.0,0.0,0.0,0.0,0.0,0.0,0.0,0.0,0.0,0.0,0.0,0.0,0.0,1.0,24.0,45.0,1.0,45.0,11.25,24.0,0.0,0.0,1.0,45.0
2019.0,Mohit Sharma,1.0,1.0,0.0,0.0,0.0,2.0,0.0,0.0,0.0,0.0,0.0,0.0,0.0,1.0,18.0,27.0,1.0,27.0,9.0,18.0,0.0,0.0,1.0,27.0
2018.0,Mohit Sharma,9.0,3.0,10.0,4.0,10.0,13.0,76.92,0.0,0.0,1.0,0.0,2.0,0.0,9.0,178.0,322.0,7.0,46.0,10.85,25.42,0.0,0.0,2.0,33.0
2017.0,Mohit Sharma,14.0,1.0,51.0,13.0,8.5,50.0,102.0,0.0,0.0,3.0,1.0,3.0,0.0,14.0,274.0,410.0,13.0,31.53,8.97,21.07,0.0,0.0,2.0,24.0
2016.0,Mohit Sharma,14.0,2.0,32.0,15.0,8.0,26.0,123.07,0.0,0.0,3.0,1.0,3.0,0.0,14.0,291.0,407.0,13.0,31.3,8.39,22.38,0.0,0.0,3.0,23.0
2015.0,Mohit Sharma,16.0,3.0,28.0,21.0,9.33,18.0,155.55,0.0,0.0,1.0,2.0,5.0,0.0,16.0,342.0,481.0,14.0,34.35,8.43,24.42,0.0,0.0,3.0,25.0
2014.0,Mohit Sharma,16.0,1.0,1.0,1.0,0.0,3.0,33.33,0.0,0.0,0.0,0.0,3.0,0.0,16.0,323.0,452.0,23.0,19.65,8.39,14.04,1.0,0.0,4.0,14.0
2013.0,Mohit Sharma,0.0,0.0,0.0,0.0,0.0,0.0,0.0,0.0,0.0,0.0,0.0,0.0,0.0,15.0,304.0,326.0,20.0,16.3,6.43,15.2,0.0,0.0,3.0,10.0
2024.0,Mohsin Khan,10.0,0.0,2.0,2.0,2.0,1.0,200.0,0.0,0.0,0.0,0.0,1.0,0.0,9.0,228.0,385.0,10.0,38.5,10.13,22.8,0.0,0.0,2.0,29.0
2023.0,Mohsin Khan,5.0,0.0,0.0,0.0,0.0,7.0,0.0,0.0,0.0,0.0,0.0,0.0,0.0,5.0,60.0,107.0,3.0,35.67,10.7,20.0,0.0,0.0,1.0,24.0
2022.0,Mohsin Khan,9.0,2.0,23.0,13.0,23.0,16.0,143.75,0.0,0.0,2.0,1.0,1.0,0.0,9.0,198.0,197.0,14.0,14.07,5.97,14.14,1.0,0.0,4.0,16.0
2021.0,Mujeeb Ur Rahman,1.0,1.0,1.0,1.0,0.0,1.0,100.0,0.0,0.0,0.0,0.0,0.0,0.0,1.0,24.0,29.0,2.0,14.5,7.25,12.0,0.0,0.0,2.0,29.0
2020.0,Mujeeb Ur Rahman,2.0,0.0,1.0,1.0,1.0,3.0,33.33,0.0,0.0,0.0,0.0,0.0,0.0,2.0,48.0,83.0,0.0,0.0,10.37,0.0,0.0,0.0,0.0,39.0
2019.0,Mujeeb Ur Rahman,5.0,2.0,0.0,0.0,0.0,4.0,0.0,0.0,0.0,0.0,0.0,1.0,0.0,5.0,114.0,191.0,3.0,63.66,10.05,38.0,0.0,0.0,2.0,31.0
2018.0,Mujeeb Ur Rahman,11.0,1.0,10.0,10.0,10.0,7.0,142.85,0.0,0.0,2.0,0.0,1.0,0.0,11.0,248.0,289.0,14.0,20.64,6.99,17.71,0.0,0.0,3.0,27.0
2024.0,Mukesh Choudhary,1.0,0.0,0.0,0.0,0.0,0.0,0.0,0.0,0.0,0.0,0.0,0.0,0.0,1.0,6.0,27.0,0.0,0.0,27.0,0.0,0.0,0.0,0.0,27.0
2022.0,Mukesh Choudhary,13.0,1.0,6.0,4.0,6.0,6.0,100.0,0.0,0.0,1.0,0.0,3.0,0.0,13.0,273.0,424.0,16.0,26.5,9.32,17.06,1.0,0.0,4.0,46.0
2024.0,Mukesh Kumar,10.0,1.0,3.0,3.0,3.0,9.0,33.33,0.0,0.0,0.0,0.0,3.0,0.0,10.0,213.0,368.0,17.0,21.65,10.37,12.53,0.0,0.0,3.0,14.0
2023.0,Mukesh Kumar,10.0,3.0,7.0,6.0,0.0,9.0,77.78,0.0,0.0,0.0,0.0,3.0,0.0,10.0,186.0,326.0,7.0,46.57,10.52,26.57,0.0,0.0,2.0,30.0
2024.0,N. Tilak Varma,13.0,3.0,416.0,65.0,41.6,278.0,149.64,0.0,3.0,35.0,19.0,9.0,0.0,13.0,4.0,8.0,0.0,0.0,12.0,0.0,0.0,0.0,0.0,8.0
2023.0,N. Tilak Varma,11.0,3.0,343.0,84.0,42.88,209.0,164.11,0.0,1.0,26.0,23.0,4.0,0.0,11.0,6.0,7.0,0.0,0.0,7.0,0.0,0.0,0.0,0.0,7.0
2022.0,N. Tilak Varma,14.0,3.0,397.0,61.0,36.09,303.0,131.02,0.0,2.0,29.0,16.0,10.0,0.0,14.0,12.0,13.0,0.0,0.0,6.5,0.0,0.0,0.0,0.0,6.0
2024.0,Naman Dhir,7.0,1.0,140.0,62.0,23.33,79.0,177.22,0.0,1.0,12.0,10.0,3.0,0.0,7.0,28.0,55.0,0.0,0.0,11.79,0.0,0.0,0.0,0.0,13.0
2024.0,Nathan Ellis,1.0,0.0,0.0,0.0,0.0,0.0,0.0,0.0,0.0,0.0,0.0,0.0,0.0,1.0,24.0,24.0,1.0,24.0,6.0,24.0,0.0,0.0,1.0,24.0
2023.0,Nathan Ellis,10.0,0.0,1.0,1.0,0.5,7.0,14.29,0.0,0.0,0.0,0.0,2.0,0.0,10.0,228.0,339.0,13.0,26.08,8.92,17.54,1.0,0.0,4.0,30.0
2022.0,Nathan Ellis,2.0,0.0,0.0,0.0,0.0,2.0,0.0,0.0,0.0,0.0,0.0,1.0,0.0,2.0,36.0,55.0,3.0,18.33,9.17,12.0,0.0,0.0,3.0,40.0
2021.0,Nathan Ellis,3.0,1.0,18.0,12.0,18.0,16.0,112.5,0.0,0.0,0.0,1.0,0.0,0.0,3.0,72.0,98.0,1.0,98.0,8.16,72.0,0.0,0.0,1.0,12.0
2024.0,Nehal Wadhera,6.0,0.0,109.0,49.0,18.17,84.0,129.76,0.0,0.0,9.0,6.0,2.0,0.0,6.0,12.0,13.0,0.0,0.0,6.5,0.0,0.0,0.0,0.0,13.0
2023.0,Nehal Wadhera,14.0,1.0,241.0,64.0,26.78,166.0,145.18,0.0,2.0,23.0,12.0,4.0,0.0,14.0,0.0,0.0,0.0,0.0,0.0,0.0,0.0,0.0,0.0,0.0
2024.0,Nicholas Pooran,14.0,6.0,499.0,75.0,62.38,280.0,178.21,0.0,3.0,35.0,36.0,7.0,0.0,14.0,0.0,0.0,0.0,0.0,0.0,0.0,0.0,0.0,0.0,0.0
2023.0,Nicholas Pooran,15.0,3.0,358.0,62.0,29.83,207.0,172.95,0.0,2.0,26.0,26.0,6.0,3.0,15.0,0.0,0.0,0.0,0.0,0.0,0.0,0.0,0.0,0.0,0.0
2022.0,Nicholas Pooran,14.0,5.0,306.0,64.0,38.25,212.0,144.34,0.0,2.0,16.0,21.0,8.0,1.0,14.0,0.0,0.0,0.0,0.0,0.0,0.0,0.0,0.0,0.0,0.0
2021.0,Nicholas Pooran,12.0,0.0,85.0,32.0,7.72,76.0,111.84,0.0,0.0,3.0,5.0,3.0,0.0,12.0,0.0,0.0,0.0,0.0,0.0,0.0,0.0,0.0,0.0,0.0
2020.0,Nicholas Pooran,14.0,4.0,353.0,77.0,35.3,208.0,169.71,0.0,2.0,23.0,25.0,7.0,0.0,14.0,0.0,0.0,0.0,0.0,0.0,0.0,0.0,0.0,0.0,0.0
2019.0,Nicholas Pooran,7.0,0.0,168.0,48.0,28.0,107.0,157.0,0.0,0.0,10.0,14.0,1.0,0.0,7.0,0.0,0.0,0.0,0.0,0.0,0.0,0.0,0.0,0.0,0.0
2024.0,Nitish Kumar Reddy,13.0,2.0,303.0,76.0,33.67,212.0,142.92,0.0,2.0,15.0,21.0,5.0,0.0,13.0,79.0,153.0,3.0,51.0,11.62,26.33,0.0,0.0,2.0,17.0
2023.0,Nitish Kumar Reddy,2.0,0.0,0.0,0.0,0.0,0.0,0.0,0.0,0.0,0.0,0.0,1.0,0.0,2.0,30.0,54.0,0.0,0.0,10.8,0.0,0.0,0.0,0.0,19.0
2024.0,Nitish Rana,2.0,0.0,42.0,33.0,21.0,34.0,123.53,0.0,0.0,5.0,1.0,0.0,0.0,2.0,0.0,0.0,0.0,0.0,0.0,0.0,0.0,0.0,0.0,0.0
2023.0,Nitish Rana,14.0,1.0,413.0,75.0,31.77,293.0,140.96,0.0,3.0,39.0,20.0,3.0,0.0,14.0,53.0,75.0,3.0,25.0,8.49,17.67,0.0,0.0,2.0,17.0
2022.0,Nitish Rana,14.0,1.0,361.0,57.0,27.77,251.0,143.82,0.0,2.0,29.0,22.0,6.0,0.0,14.0,12.0,23.0,0.0,0.0,11.5,0.0,0.0,0.0,0.0,9.0
2021.0,Nitish Rana,17.0,3.0,383.0,80.0,29.46,314.0,121.97,0.0,2.0,34.0,17.0,4.0,0.0,17.0,12.0,12.0,0.0,0.0,6.0,0.0,0.0,0.0,0.0,5.0
2020.0,Nitish Rana,14.0,0.0,352.0,87.0,25.14,254.0,138.58,0.0,3.0,43.0,12.0,2.0,0.0,14.0,12.0,23.0,0.0,0.0,11.5,0.0,0.0,0.0,0.0,7.0
2019.0,Nitish Rana,14.0,1.0,344.0,85.0,34.4,235.0,146.38,0.0,3.0,27.0,21.0,3.0,0.0,14.0,48.0,72.0,3.0,24.0,9.0,16.0,0.0,0.0,1.0,8.0
2018.0,Nitish Rana,15.0,2.0,304.0,59.0,23.38,232.0,131.03,0.0,1.0,26.0,14.0,2.0,0.0,15.0,37.0,44.0,4.0,11.0,7.13,9.25,0.0,0.0,2.0,11.0
2017.0,Nitish Rana,13.0,1.0,333.0,62.0,30.27,264.0,126.13,0.0,3.0,24.0,17.0,4.0,0.0,13.0,0.0,0.0,0.0,0.0,0.0,0.0,0.0,0.0,0.0,0.0
2016.0,Nitish Rana,4.0,0.0,104.0,70.0,34.66,75.0,138.66,0.0,1.0,7.0,8.0,0.0,0.0,4.0,6.0,3.0,0.0,0.0,3.0,0.0,0.0,0.0,0.0,3.0
2024.0,Noor Ahmad,10.0,2.0,5.0,4.0,2.5,9.0,55.56,0.0,0.0,1.0,0.0,5.0,0.0,10.0,209.0,290.0,8.0,36.25,8.33,26.13,0.0,0.0,2.0,20.0
2023.0,Noor Ahmad,13.0,1.0,8.0,7.0,4.0,9.0,88.89,0.0,0.0,1.0,0.0,2.0,0.0,13.0,283.0,369.0,16.0,23.06,7.82,17.69,0.0,0.0,3.0,37.0
2024.0,Nuwan Thushara,7.0,0.0,0.0,0.0,0.0,0.0,0.0,0.0,0.0,0.0,0.0,1.0,0.0,7.0,156.0,257.0,8.0,32.13,9.88,19.5,0.0,0.0,3.0,28.0
2024.0,Pat Cummins,16.0,4.0,136.0,35.0,22.67,95.0,143.16,0.0,0.0,9.0,8.0,7.0,0.0,16.0,366.0,566.0,18.0,31.44,9.28,20.33,0.0,0.0,3.0,43.0
2022.0,Pat Cummins,5.0,1.0,63.0,56.0,15.75,24.0,262.5,0.0,1.0,5.0,6.0,1.0,0.0,5.0,119.0,212.0,7.0,30.29,10.69,17.0,0.0,0.0,3.0,22.0
2021.0,Pat Cummins,7.0,2.0,93.0,66.0,31.0,56.0,166.07,0.0,1.0,5.0,8.0,2.0,0.0,7.0,161.0,237.0,9.0,26.33,8.83,17.88,0.0,0.0,3.0,24.0
2020.0,Pat Cummins,14.0,4.0,146.0,53.0,20.85,114.0,128.07,0.0,1.0,9.0,8.0,3.0,0.0,14.0,312.0,409.0,12.0,34.08,7.86,26.0,1.0,0.0,4.0,34.0
2017.0,Pat Cummins,12.0,4.0,77.0,24.0,15.4,53.0,145.28,0.0,0.0,5.0,4.0,1.0,0.0,12.0,277.0,373.0,15.0,24.86,8.07,18.46,0.0,0.0,2.0,20.0
2015.0,Pat Cummins,3.0,0.0,0.0,0.0,0.0,2.0,0.0,0.0,0.0,0.0,0.0,1.0,0.0,3.0,60.0,97.0,1.0,97.0,9.7,60.0,0.0,0.0,1.0,54.0
2014.0,Pat Cummins,1.0,0.0,0.0,0.0,0.0,0.0,0.0,0.0,0.0,0.0,0.0,0.0,0.0,1.0,24.0,29.0,1.0,29.0,7.25,24.0,0.0,0.0,1.0,29.0
2024.0,Phil Salt,12.0,1.0,435.0,89.0,39.55,239.0,182.01,0.0,4.0,50.0,24.0,12.0,0.0,12.0,0.0,0.0,0.0,0.0,0.0,0.0,0.0,0.0,0.0,0.0
2023.0,Phil Salt,9.0,1.0,218.0,87.0,27.25,133.0,163.91,0.0,2.0,24.0,10.0,5.0,0.0,9.0,0.0,0.0,0.0,0.0,0.0,0.0,0.0,0.0,0.0,0.0
2024.0,Prabhsimran Singh,14.0,0.0,334.0,71.0,23.86,213.0,156.81,0.0,2.0,34.0,20.0,1.0,0.0,14.0,0.0,0.0,0.0,0.0,0.0,0.0,0.0,0.0,0.0,0.0
2023.0,Prabhsimran Singh,14.0,0.0,358.0,103.0,25.57,238.0,150.42,1.0,1.0,38.0,19.0,1.0,0.0,14.0,0.0,0.0,0.0,0.0,0.0,0.0,0.0,0.0,0.0,0.0
2022.0,Prabhsimran Singh,1.0,0.0,14.0,14.0,14.0,11.0,127.27,0.0,0.0,2.0,0.0,0.0,0.0,1.0,0.0,0.0,0.0,0.0,0.0,0.0,0.0,0.0,0.0,0.0
2021.0,Prabhsimran Singh,2.0,0.0,19.0,12.0,9.5,23.0,82.6,0.0,0.0,1.0,1.0,0.0,0.0,0.0,0.0,0.0,0.0,0.0,0.0,0.0,0.0,0.0,0.0,0.0
2020.0,Prabhsimran Singh,2.0,0.0,15.0,11.0,7.5,15.0,100.0,0.0,0.0,2.0,0.0,1.0,0.0,2.0,0.0,0.0,0.0,0.0,0.0,0.0,0.0,0.0,0.0,0.0
2019.0,Prabhsimran Singh,1.0,0.0,16.0,16.0,16.0,17.0,94.11,0.0,0.0,1.0,1.0,1.0,0.0,1.0,0.0,0.0,0.0,0.0,0.0,0.0,0.0,0.0,0.0,0.0
2022.0,Prasidh Krishna,17.0,2.0,6.0,4.0,6.0,12.0,50.0,0.0,0.0,0.0,0.0,2.0,0.0,17.0,399.0,551.0,19.0,29.0,8.29,21.0,0.0,0.0,3.0,22.0
2021.0,Prasidh Krishna,10.0,1.0,0.0,0.0,0.0,1.0,0.0,0.0,0.0,0.0,0.0,3.0,0.0,10.0,231.0,351.0,12.0,29.25,9.11,19.25,0.0,0.0,3.0,30.0
2020.0,Prasidh Krishna,6.0,2.0,2.0,2.0,0.0,4.0,50.0,0.0,0.0,0.0,0.0,1.0,0.0,6.0,105.0,164.0,4.0,41.0,9.37,26.25,0.0,0.0,3.0,29.0
2019.0,Prasidh Krishna,11.0,0.0,0.0,0.0,0.0,2.0,0.0,0.0,0.0,0.0,0.0,2.0,0.0,11.0,242.0,377.0,4.0,94.25,9.34,60.5,0.0,0.0,1.0,22.0
2018.0,Prasidh Krishna,7.0,2.0,1.0,1.0,0.0,5.0,20.0,0.0,0.0,0.0,0.0,1.0,0.0,7.0,168.0,260.0,10.0,26.0,9.28,16.8,1.0,0.0,4.0,30.0
2023.0,Pravin Dubey,1.0,0.0,16.0,16.0,16.0,20.0,80.0,0.0,0.0,2.0,0.0,0.0,0.0,1.0,18.0,19.0,1.0,19.0,6.33,18.0,0.0,0.0,1.0,19.0
2020.0,Pravin Dubey,3.0,1.0,7.0,7.0,0.0,13.0,53.84,0.0,0.0,0.0,0.0,1.0,0.0,3.0,48.0,72.0,0.0,0.0,9.0,0.0,0.0,0.0,0.0,14.0
2024.0,Quinton de Kock,11.0,0.0,250.0,81.0,22.73,186.0,134.41,0.0,3.0,29.0,9.0,3.0,0.0,11.0,0.0,0.0,0.0,0.0,0.0,0.0,0.0,0.0,0.0,0.0
2023.0,Quinton de Kock,4.0,0.0,143.0,70.0,35.75,102.0,140.2,0.0,1.0,10.0,8.0,2.0,1.0,4.0,0.0,0.0,0.0,0.0,0.0,0.0,0.0,0.0,0.0,0.0
2022.0,Quinton de Kock,15.0,1.0,508.0,140.0,36.29,341.0,148.97,1.0,3.0,47.0,23.0,12.0,1.0,15.0,0.0,0.0,0.0,0.0,0.0,0.0,0.0,0.0,0.0,0.0
2021.0,Quinton de Kock,11.0,1.0,297.0,70.0,29.7,256.0,116.01,0.0,2.0,29.0,7.0,4.0,2.0,11.0,0.0,0.0,0.0,0.0,0.0,0.0,0.0,0.0,0.0,0.0
2020.0,Quinton de Kock,16.0,2.0,503.0,78.0,35.92,358.0,140.5,0.0,4.0,46.0,22.0,18.0,4.0,16.0,0.0,0.0,0.0,0.0,0.0,0.0,0.0,0.0,0.0,0.0
2019.0,Quinton de Kock,16.0,1.0,529.0,81.0,35.26,398.0,132.91,0.0,4.0,45.0,25.0,17.0,2.0,16.0,0.0,0.0,0.0,0.0,0.0,0.0,0.0,0.0,0.0,0.0
2018.0,Quinton de Kock,8.0,0.0,201.0,53.0,25.12,162.0,124.07,0.0,1.0,20.0,8.0,7.0,3.0,8.0,0.0,0.0,0.0,0.0,0.0,0.0,0.0,0.0,0.0,0.0
2016.0,Quinton de Kock,13.0,1.0,445.0,108.0,37.08,327.0,136.08,1.0,3.0,52.0,13.0,2.0,2.0,13.0,0.0,0.0,0.0,0.0,0.0,0.0,0.0,0.0,0.0,0.0
2015.0,Quinton de Kock,3.0,0.0,122.0,69.0,40.66,77.0,158.44,0.0,2.0,18.0,4.0,0.0,0.0,3.0,0.0,0.0,0.0,0.0,0.0,0.0,0.0,0.0,0.0,0.0
2014.0,Quinton de Kock,7.0,0.0,153.0,48.0,21.85,130.0,117.69,0.0,0.0,19.0,4.0,2.0,0.0,7.0,0.0,0.0,0.0,0.0,0.0,0.0,0.0,0.0,0.0,0.0
2013.0,Quinton de Kock,3.0,0.0,6.0,4.0,2.0,15.0,40.0,0.0,0.0,1.0,0.0,0.0,0.0,0.0,0.0,0.0,0.0,0.0,0.0,0.0,0.0,0.0,0.0,0.0
2024.0,Rachin Ravindra,10.0,0.0,222.0,61.0,22.2,138.0,160.87,0.0,1.0,22.0,12.0,8.0,0.0,10.0,12.0,7.0,0.0,0.0,3.5,0.0,0.0,0.0,0.0,3.0
2024.0,Rahmanullah Gurbaz,2.0,0.0,62.0,39.0,31.0,46.0,134.78,0.0,0.0,7.0,4.0,5.0,0.0,2.0,0.0,0.0,0.0,0.0,0.0,0.0,0.0,0.0,0.0,0.0
2023.0,Rahmanullah Gurbaz,11.0,0.0,227.0,81.0,20.64,170.0,133.53,0.0,2.0,17.0,15.0,10.0,0.0,11.0,0.0,0.0,0.0,0.0,0.0,0.0,0.0,0.0,0.0,0.0
2024.0,Rahul Chahar,9.0,1.0,21.0,16.0,21.0,15.0,140.0,0.0,0.0,3.0,1.0,3.0,0.0,9.0,186.0,279.0,10.0,27.9,9.0,18.6,0.0,0.0,3.0,23.0
2023.0,Rahul Chahar,14.0,1.0,0.0,0.0,0.0,9.0,0.0,0.0,0.0,0.0,0.0,4.0,0.0,14.0,298.0,385.0,8.0,48.13,7.75,37.25,0.0,0.0,2.0,16.0
2022.0,Rahul Chahar,13.0,2.0,77.0,25.0,12.83,68.0,113.24,0.0,0.0,7.0,4.0,5.0,0.0,13.0,280.0,360.0,14.0,25.71,7.71,20.0,0.0,0.0,3.0,25.0
2021.0,Rahul Chahar,11.0,0.0,14.0,8.0,2.8,15.0,93.33,0.0,0.0,1.0,0.0,3.0,0.0,11.0,258.0,318.0,13.0,24.46,7.39,19.84,1.0,0.0,4.0,27.0
2020.0,Rahul Chahar,15.0,1.0,2.0,2.0,0.0,4.0,50.0,0.0,0.0,0.0,0.0,4.0,0.0,15.0,318.0,433.0,15.0,28.86,8.16,21.2,0.0,0.0,2.0,18.0
2019.0,Rahul Chahar,13.0,2.0,12.0,10.0,6.0,11.0,109.09,0.0,0.0,2.0,0.0,3.0,0.0,13.0,282.0,308.0,13.0,23.69,6.55,21.69,0.0,0.0,3.0,19.0
2017.0,Rahul Chahar,3.0,1.0,3.0,3.0,0.0,2.0,150.0,0.0,0.0,0.0,0.0,1.0,0.0,3.0,42.0,58.0,2.0,29.0,8.28,21.0,0.0,0.0,1.0,26.0
2024.0,Rahul Tewatia,12.0,2.0,188.0,36.0,26.86,129.0,145.74,0.0,0.0,24.0,5.0,6.0,0.0,12.0,0.0,0.0,0.0,0.0,0.0,0.0,0.0,0.0,0.0,0.0
2023.0,Rahul Tewatia,17.0,6.0,87.0,20.0,21.75,57.0,152.63,0.0,0.0,3.0,7.0,8.0,0.0,17.0,13.0,15.0,0.0,0.0,6.92,0.0,0.0,0.0,0.0,7.0
2022.0,Rahul Tewatia,16.0,5.0,217.0,43.0,31.0,147.0,147.62,0.0,0.0,22.0,9.0,5.0,0.0,16.0,36.0,76.0,0.0,0.0,12.67,0.0,0.0,0.0,0.0,9.0
2021.0,Rahul Tewatia,14.0,1.0,155.0,44.0,15.5,147.0,105.44,0.0,0.0,11.0,6.0,2.0,0.0,14.0,222.0,340.0,8.0,42.5,9.18,27.75,0.0,0.0,3.0,39.0
2020.0,Rahul Tewatia,14.0,5.0,255.0,53.0,42.5,183.0,139.34,0.0,1.0,13.0,17.0,9.0,0.0,14.0,276.0,326.0,10.0,32.6,7.08,27.6,0.0,0.0,3.0,25.0
2019.0,Rahul Tewatia,5.0,3.0,26.0,11.0,26.0,22.0,118.18,0.0,0.0,2.0,1.0,6.0,0.0,5.0,38.0,42.0,2.0,21.0,6.63,19.0,0.0,0.0,1.0,10.0
2018.0,Rahul Tewatia,8.0,2.0,50.0,24.0,16.66,43.0,116.27,0.0,0.0,5.0,1.0,2.0,0.0,8.0,132.0,173.0,6.0,28.83,7.86,22.0,0.0,0.0,3.0,18.0
2017.0,Rahul Tewatia,3.0,1.0,19.0,15.0,19.0,11.0,172.72,0.0,0.0,4.0,0.0,0.0,0.0,3.0,54.0,49.0,3.0,16.33,5.44,18.0,0.0,0.0,2.0,18.0
2015.0,Rahul Tewatia,1.0,0.0,0.0,0.0,0.0,0.0,0.0,0.0,0.0,0.0,0.0,0.0,0.0,1.0,18.0,31.0,1.0,31.0,10.33,18.0,0.0,0.0,1.0,31.0
2014.0,Rahul Tewatia,3.0,0.0,16.0,16.0,16.0,13.0,123.07,0.0,0.0,0.0,1.0,0.0,0.0,3.0,54.0,59.0,2.0,29.5,6.55,27.0,0.0,0.0,1.0,17.0
2024.0,Rahul Tripathi,6.0,0.0,165.0,55.0,27.5,115.0,143.48,0.0,1.0,18.0,6.0,2.0,0.0,6.0,0.0,0.0,0.0,0.0,0.0,0.0,0.0,0.0,0.0,0.0
2023.0,Rahul Tripathi,13.0,1.0,273.0,74.0,22.75,213.0,128.17,0.0,1.0,29.0,10.0,2.0,0.0,13.0,0.0,0.0,0.0,0.0,0.0,0.0,0.0,0.0,0.0,0.0
2022.0,Rahul Tripathi,14.0,3.0,413.0,76.0,37.55,261.0,158.24,0.0,3.0,40.0,20.0,6.0,0.0,14.0,0.0,0.0,0.0,0.0,0.0,0.0,0.0,0.0,0.0,0.0
2021.0,Rahul Tripathi,17.0,2.0,397.0,74.0,28.35,283.0,140.28,0.0,2.0,41.0,11.0,8.0,0.0,17.0,0.0,0.0,0.0,0.0,0.0,0.0,0.0,0.0,0.0,0.0
2020.0,Rahul Tripathi,11.0,1.0,230.0,81.0,23.0,181.0,127.07,0.0,1.0,21.0,10.0,3.0,0.0,11.0,0.0,0.0,0.0,0.0,0.0,0.0,0.0,0.0,0.0,0.0
2019.0,Rahul Tripathi,8.0,1.0,141.0,50.0,23.5,118.0,119.49,0.0,1.0,13.0,2.0,3.0,0.0,8.0,0.0,0.0,0.0,0.0,0.0,0.0,0.0,0.0,0.0,0.0
2018.0,Rahul Tripathi,12.0,3.0,226.0,80.0,25.11,167.0,135.32,0.0,1.0,18.0,8.0,4.0,0.0,12.0,0.0,0.0,0.0,0.0,0.0,0.0,0.0,0.0,0.0,0.0
2017.0,Rahul Tripathi,14.0,0.0,391.0,93.0,27.92,267.0,146.44,0.0,2.0,43.0,17.0,5.0,0.0,14.0,6.0,12.0,0.0,0.0,12.0,0.0,0.0,0.0,0.0,12.0
2022.0,Raj Angad Bawa,2.0,0.0,11.0,11.0,5.5,14.0,78.57,0.0,0.0,1.0,0.0,0.0,0.0,2.0,0.0,0.0,0.0,0.0,0.0,0.0,0.0,0.0,0.0,0.0
2024.0,Rajat Patidar,15.0,0.0,395.0,55.0,30.38,223.0,177.13,0.0,5.0,21.0,33.0,3.0,0.0,15.0,0.0,0.0,0.0,0.0,0.0,0.0,0.0,0.0,0.0,0.0
2022.0,Rajat Patidar,8.0,1.0,333.0,112.0,55.5,218.0,152.75,1.0,2.0,27.0,18.0,4.0,0.0,8.0,0.0,0.0,0.0,0.0,0.0,0.0,0.0,0.0,0.0,0.0
2021.0,Rajat Patidar,4.0,0.0,71.0,31.0,17.75,62.0,114.51,0.0,0.0,3.0,3.0,1.0,0.0,4.0,0.0,0.0,0.0,0.0,0.0,0.0,0.0,0.0,0.0,0.0
2023.0,Rajvardhan Hangargekar,2.0,0.0,0.0,0.0,0.0,0.0,0.0,0.0,0.0,0.0,0.0,0.0,0.0,2.0,36.0,60.0,3.0,20.0,10.0,12.0,0.0,0.0,3.0,36.0
2024.0,Ramandeep Singh,14.0,5.0,125.0,35.0,31.25,62.0,201.61,0.0,0.0,5.0,12.0,8.0,0.0,15.0,4.0,9.0,0.0,0.0,13.5,0.0,0.0,0.0,0.0,9.0
2022.0,Ramandeep Singh,5.0,2.0,45.0,14.0,22.5,40.0,112.5,0.0,0.0,3.0,1.0,1.0,0.0,5.0,36.0,54.0,6.0,9.0,9.0,6.0,0.0,0.0,3.0,20.0
2024.0,Rashid Khan,12.0,3.0,102.0,31.0,20.4,71.0,143.66,0.0,0.0,11.0,3.0,5.0,0.0,12.0,262.0,367.0,10.0,36.7,8.4,26.2,0.0,0.0,2.0,38.0
2023.0,Rashid Khan,17.0,5.0,130.0,79.0,32.5,60.0,216.67,0.0,1.0,8.0,13.0,10.0,0.0,17.0,402.0,552.0,27.0,20.44,8.24,14.89,1.0,0.0,4.0,30.0
2022.0,Rashid Khan,16.0,4.0,91.0,40.0,22.75,44.0,206.82,0.0,0.0,3.0,9.0,7.0,0.0,16.0,383.0,421.0,19.0,22.16,6.6,20.16,1.0,0.0,4.0,24.0
2021.0,Rashid Khan,14.0,2.0,83.0,22.0,10.37,69.0,120.28,0.0,0.0,9.0,2.0,2.0,0.0,14.0,336.0,375.0,18.0,20.83,6.69,18.66,0.0,0.0,3.0,36.0
2020.0,Rashid Khan,16.0,3.0,35.0,14.0,8.75,30.0,116.66,0.0,0.0,3.0,2.0,3.0,0.0,16.0,384.0,344.0,20.0,17.2,5.37,19.2,0.0,0.0,3.0,7.0
2019.0,Rashid Khan,15.0,3.0,34.0,17.0,6.8,23.0,147.82,0.0,0.0,2.0,2.0,4.0,0.0,15.0,360.0,377.0,17.0,22.17,6.28,21.17,0.0,0.0,3.0,21.0
2018.0,Rashid Khan,17.0,2.0,59.0,34.0,11.8,31.0,190.32,0.0,0.0,3.0,6.0,6.0,0.0,17.0,408.0,458.0,21.0,21.8,6.73,19.42,0.0,0.0,3.0,19.0
2017.0,Rashid Khan,14.0,1.0,11.0,6.0,5.5,9.0,122.22,0.0,0.0,0.0,1.0,5.0,0.0,14.0,324.0,358.0,17.0,21.05,6.62,19.05,0.0,0.0,3.0,19.0
2024.0,Rasikh Dar,8.0,0.0,28.0,10.0,7.0,30.0,93.33,0.0,0.0,4.0,0.0,1.0,0.0,8.0,147.0,269.0,9.0,29.89,10.98,16.33,0.0,0.0,3.0,34.0
2022.0,Rasikh Dar,2.0,0.0,7.0,7.0,7.0,6.0,116.67,0.0,0.0,1.0,0.0,0.0,0.0,2.0,24.0,28.0,0.0,0.0,7.0,0.0,0.0,0.0,0.0,10.0
2019.0,Rasikh Dar,1.0,1.0,5.0,5.0,0.0,4.0,125.0,0.0,0.0,0.0,0.0,1.0,0.0,1.0,24.0,42.0,0.0,0.0,10.5,0.0,0.0,0.0,0.0,42.0
2024.0,Ravi Bishnoi,14.0,0.0,4.0,2.0,1.33,6.0,66.67,0.0,0.0,0.0,0.0,4.0,0.0,14.0,262.0,383.0,10.0,38.3,8.77,26.2,0.0,0.0,2.0,25.0
2023.0,Ravi Bishnoi,15.0,4.0,20.0,5.0,6.67,27.0,74.07,0.0,0.0,1.0,0.0,9.0,0.0,15.0,303.0,391.0,16.0,24.44,7.74,18.94,0.0,0.0,3.0,28.0
2022.0,Ravi Bishnoi,14.0,1.0,0.0,0.0,0.0,1.0,0.0,0.0,0.0,0.0,0.0,3.0,0.0,14.0,324.0,456.0,13.0,35.08,8.44,24.92,0.0,0.0,2.0,22.0
2021.0,Ravi Bishnoi,9.0,0.0,1.0,1.0,1.0,4.0,25.0,0.0,0.0,0.0,0.0,2.0,0.0,9.0,210.0,222.0,12.0,18.5,6.34,17.5,0.0,0.0,3.0,24.0
2020.0,Ravi Bishnoi,14.0,2.0,7.0,6.0,7.0,12.0,58.33,0.0,0.0,1.0,0.0,2.0,0.0,14.0,306.0,376.0,12.0,31.33,7.37,25.5,0.0,0.0,3.0,29.0
2024.0,Ravichandran Ashwin,14.0,3.0,86.0,29.0,14.33,74.0,116.22,0.0,0.0,5.0,4.0,5.0,0.0,15.0,330.0,467.0,9.0,51.89,8.49,36.67,0.0,0.0,3.0,24.0
2023.0,Ravichandran Ashwin,13.0,4.0,67.0,30.0,11.17,51.0,131.37,0.0,0.0,5.0,3.0,1.0,0.0,13.0,294.0,368.0,14.0,26.29,7.51,21.0,0.0,0.0,2.0,23.0
2022.0,Ravichandran Ashwin,17.0,5.0,191.0,50.0,27.29,135.0,141.48,0.0,1.0,14.0,9.0,5.0,0.0,17.0,402.0,503.0,12.0,41.92,7.51,33.5,0.0,0.0,3.0,17.0
2021.0,Ravichandran Ashwin,13.0,2.0,44.0,20.0,14.66,42.0,104.76,0.0,0.0,2.0,1.0,3.0,0.0,13.0,268.0,331.0,7.0,47.28,7.41,38.28,0.0,0.0,2.0,27.0
2020.0,Ravichandran Ashwin,15.0,3.0,37.0,14.0,12.33,34.0,108.82,0.0,0.0,3.0,1.0,2.0,0.0,15.0,306.0,391.0,13.0,30.07,7.66,23.53,0.0,0.0,3.0,29.0
2019.0,Ravichandran Ashwin,14.0,1.0,42.0,17.0,8.4,28.0,150.0,0.0,0.0,3.0,3.0,4.0,0.0,14.0,330.0,400.0,15.0,26.66,7.27,22.0,0.0,0.0,3.0,23.0
2018.0,Ravichandran Ashwin,14.0,1.0,102.0,45.0,12.75,71.0,143.66,0.0,0.0,7.0,5.0,5.0,0.0,14.0,304.0,410.0,10.0,41.0,8.09,30.4,0.0,0.0,2.0,18.0
2016.0,Ravichandran Ashwin,14.0,4.0,41.0,29.0,20.5,38.0,107.89,0.0,0.0,3.0,1.0,3.0,0.0,14.0,264.0,319.0,10.0,31.9,7.25,26.4,1.0,0.0,4.0,34.0
2015.0,Ravichandran Ashwin,14.0,3.0,52.0,23.0,17.33,32.0,162.5,0.0,0.0,6.0,1.0,3.0,0.0,14.0,234.0,228.0,10.0,22.8,5.84,23.4,0.0,0.0,2.0,5.0
2014.0,Ravichandran Ashwin,16.0,3.0,45.0,14.0,15.0,45.0,100.0,0.0,0.0,4.0,0.0,1.0,0.0,16.0,359.0,437.0,16.0,27.31,7.3,22.43,0.0,0.0,3.0,30.0
2013.0,Ravichandran Ashwin,18.0,1.0,35.0,11.0,8.75,49.0,71.42,0.0,0.0,4.0,0.0,4.0,0.0,18.0,348.0,390.0,15.0,26.0,6.72,23.2,0.0,0.0,2.0,18.0
2012.0,Ravichandran Ashwin,19.0,2.0,18.0,8.0,6.0,15.0,120.0,0.0,0.0,2.0,0.0,5.0,0.0,19.0,395.0,432.0,14.0,30.85,6.56,28.21,0.0,0.0,3.0,24.0
2011.0,Ravichandran Ashwin,16.0,0.0,2.0,2.0,1.0,6.0,33.33,0.0,0.0,0.0,0.0,4.0,0.0,16.0,378.0,388.0,20.0,19.4,6.15,18.9,0.0,0.0,3.0,16.0
2010.0,Ravichandran Ashwin,12.0,2.0,30.0,11.0,7.5,40.0,75.0,0.0,0.0,2.0,0.0,1.0,0.0,12.0,288.0,293.0,13.0,22.53,6.1,22.15,0.0,0.0,3.0,16.0
2009.0,Ravichandran Ashwin,2.0,0.0,8.0,8.0,8.0,15.0,53.33,0.0,0.0,1.0,0.0,2.0,0.0,2.0,24.0,13.0,2.0,6.5,3.25,12.0,0.0,0.0,2.0,13.0
2024.0,Ravindra Jadeja,14.0,5.0,267.0,57.0,44.5,187.0,142.78,0.0,1.0,22.0,8.0,6.0,0.0,14.0,282.0,369.0,8.0,46.13,7.85,35.25,0.0,0.0,3.0,18.0
2023.0,Ravindra Jadeja,16.0,4.0,190.0,25.0,23.75,133.0,142.86,0.0,0.0,11.0,9.0,9.0,0.0,16.0,342.0,431.0,20.0,21.55,7.56,17.1,0.0,0.0,3.0,20.0
2022.0,Ravindra Jadeja,10.0,4.0,116.0,26.0,19.33,98.0,118.37,0.0,0.0,6.0,5.0,7.0,0.0,10.0,198.0,248.0,5.0,49.6,7.52,39.6,0.0,0.0,3.0,39.0
2021.0,Ravindra Jadeja,16.0,9.0,227.0,62.0,75.66,156.0,145.51,0.0,1.0,19.0,9.0,13.0,0.0,16.0,294.0,346.0,13.0,26.61,7.06,22.61,0.0,0.0,3.0,13.0
2020.0,Ravindra Jadeja,14.0,6.0,232.0,50.0,46.4,135.0,171.85,0.0,1.0,22.0,11.0,5.0,0.0,14.0,218.0,318.0,6.0,53.0,8.75,36.33,0.0,0.0,2.0,42.0
2019.0,Ravindra Jadeja,16.0,6.0,106.0,31.0,35.33,88.0,120.45,0.0,0.0,7.0,4.0,9.0,0.0,16.0,324.0,343.0,15.0,22.86,6.35,21.6,0.0,0.0,3.0,9.0
2018.0,Ravindra Jadeja,16.0,5.0,89.0,27.0,17.8,74.0,120.27,0.0,0.0,3.0,4.0,11.0,0.0,16.0,246.0,303.0,11.0,27.54,7.39,22.36,0.0,0.0,3.0,18.0
2017.0,Ravindra Jadeja,12.0,6.0,158.0,28.0,39.5,113.0,139.82,0.0,0.0,13.0,4.0,2.0,0.0,12.0,228.0,349.0,5.0,69.8,9.18,45.6,0.0,0.0,2.0,28.0
2016.0,Ravindra Jadeja,15.0,6.0,191.0,36.0,21.22,178.0,107.3,0.0,0.0,14.0,4.0,4.0,0.0,15.0,241.0,311.0,8.0,38.87,7.74,30.12,0.0,0.0,2.0,18.0
2015.0,Ravindra Jadeja,17.0,5.0,132.0,24.0,18.85,126.0,104.76,0.0,0.0,7.0,3.0,13.0,0.0,17.0,256.0,330.0,11.0,30.0,7.73,23.27,1.0,0.0,4.0,11.0
2014.0,Ravindra Jadeja,16.0,5.0,146.0,36.0,29.2,110.0,132.72,0.0,0.0,9.0,5.0,4.0,0.0,16.0,326.0,443.0,19.0,23.31,8.15,17.15,2.0,0.0,4.0,12.0
2013.0,Ravindra Jadeja,18.0,6.0,201.0,38.0,25.12,135.0,148.88,0.0,0.0,17.0,6.0,6.0,0.0,18.0,259.0,323.0,13.0,24.84,7.48,19.92,0.0,0.0,3.0,20.0
2012.0,Ravindra Jadeja,19.0,2.0,191.0,48.0,15.91,151.0,126.49,0.0,0.0,13.0,9.0,2.0,0.0,19.0,210.0,273.0,12.0,22.75,7.8,17.5,0.0,1.0,5.0,16.0
2011.0,Ravindra Jadeja,14.0,3.0,283.0,47.0,31.44,228.0,124.12,0.0,0.0,20.0,14.0,1.0,0.0,14.0,252.0,305.0,8.0,38.12,7.26,31.5,0.0,0.0,2.0,25.0
2009.0,Ravindra Jadeja,13.0,2.0,295.0,42.0,26.81,266.0,110.9,0.0,0.0,21.0,6.0,4.0,0.0,13.0,140.0,151.0,6.0,25.16,6.47,23.33,0.0,0.0,3.0,15.0
2008.0,Ravindra Jadeja,14.0,2.0,135.0,36.0,19.28,103.0,131.06,0.0,0.0,11.0,6.0,7.0,0.0,14.0,13.0,21.0,0.0,0.0,9.69,0.0,0.0,0.0,0.0,0.0
2024.0,Reece Topley,4.0,1.0,3.0,3.0,0.0,6.0,50.0,0.0,0.0,0.0,0.0,1.0,0.0,4.0,90.0,168.0,4.0,42.0,11.2,22.5,0.0,0.0,2.0,27.0
2023.0,Reece Topley,1.0,0.0,0.0,0.0,0.0,0.0,0.0,0.0,0.0,0.0,0.0,0.0,0.0,1.0,12.0,14.0,1.0,14.0,7.0,12.0,0.0,0.0,1.0,14.0
2024.0,Rinku Singh,14.0,2.0,168.0,26.0,18.67,113.0,148.67,0.0,0.0,13.0,8.0,7.0,0.0,14.0,0.0,0.0,0.0,0.0,0.0,0.0,0.0,0.0,0.0,0.0
2023.0,Rinku Singh,14.0,6.0,474.0,67.0,59.25,317.0,149.53,0.0,4.0,31.0,29.0,8.0,0.0,14.0,0.0,0.0,0.0,0.0,0.0,0.0,0.0,0.0,0.0,0.0
2022.0,Rinku Singh,7.0,2.0,174.0,42.0,34.8,117.0,148.72,0.0,0.0,17.0,7.0,9.0,0.0,7.0,0.0,0.0,0.0,0.0,0.0,0.0,0.0,0.0,0.0,0.0
2020.0,Rinku Singh,1.0,0.0,11.0,11.0,11.0,11.0,100.0,0.0,0.0,1.0,0.0,1.0,0.0,1.0,0.0,0.0,0.0,0.0,0.0,0.0,0.0,0.0,0.0,0.0
2019.0,Rinku Singh,5.0,1.0,37.0,30.0,18.5,34.0,108.82,0.0,0.0,1.0,2.0,1.0,0.0,5.0,0.0,0.0,0.0,0.0,0.0,0.0,0.0,0.0,0.0,0.0
2018.0,Rinku Singh,4.0,0.0,29.0,16.0,7.25,31.0,93.54,0.0,0.0,4.0,0.0,4.0,0.0,4.0,0.0,0.0,0.0,0.0,0.0,0.0,0.0,0.0,0.0,0.0
2024.0,Rishabh Pant,13.0,2.0,446.0,88.0,40.55,287.0,155.4,0.0,3.0,36.0,25.0,11.0,5.0,13.0,0.0,0.0,0.0,0.0,0.0,0.0,0.0,0.0,0.0,0.0
2022.0,Rishabh Pant,14.0,2.0,340.0,44.0,30.91,224.0,151.79,0.0,0.0,35.0,16.0,8.0,4.0,14.0,0.0,0.0,0.0,0.0,0.0,0.0,0.0,0.0,0.0,0.0
2021.0,Rishabh Pant,16.0,4.0,419.0,58.0,34.91,326.0,128.52,0.0,3.0,42.0,10.0,10.0,3.0,16.0,0.0,0.0,0.0,0.0,0.0,0.0,0.0,0.0,0.0,0.0
2020.0,Rishabh Pant,14.0,3.0,343.0,56.0,31.18,301.0,113.95,0.0,1.0,31.0,9.0,13.0,0.0,14.0,0.0,0.0,0.0,0.0,0.0,0.0,0.0,0.0,0.0,0.0
2019.0,Rishabh Pant,16.0,3.0,488.0,78.0,37.53,300.0,162.66,0.0,3.0,37.0,27.0,18.0,6.0,16.0,0.0,0.0,0.0,0.0,0.0,0.0,0.0,0.0,0.0,0.0
2018.0,Rishabh Pant,14.0,1.0,684.0,128.0,52.61,394.0,173.6,1.0,5.0,68.0,37.0,4.0,2.0,14.0,0.0,0.0,0.0,0.0,0.0,0.0,0.0,0.0,0.0,0.0
2017.0,Rishabh Pant,14.0,0.0,366.0,97.0,26.14,221.0,165.61,0.0,2.0,28.0,24.0,8.0,3.0,14.0,0.0,0.0,0.0,0.0,0.0,0.0,0.0,0.0,0.0,0.0
2016.0,Rishabh Pant,10.0,2.0,198.0,69.0,24.75,152.0,130.26,0.0,1.0,19.0,6.0,3.0,0.0,10.0,0.0,0.0,0.0,0.0,0.0,0.0,0.0,0.0,0.0,0.0
2024.0,Riyan Parag,15.0,3.0,573.0,84.0,52.09,384.0,149.22,0.0,4.0,40.0,33.0,7.0,0.0,16.0,18.0,27.0,0.0,0.0,9.0,0.0,0.0,0.0,0.0,10.0
2023.0,Riyan Parag,7.0,1.0,78.0,20.0,13.0,66.0,118.18,0.0,0.0,4.0,5.0,1.0,0.0,7.0,0.0,0.0,0.0,0.0,0.0,0.0,0.0,0.0,0.0,0.0
2022.0,Riyan Parag,17.0,3.0,183.0,56.0,16.64,132.0,138.64,0.0,1.0,11.0,10.0,17.0,0.0,17.0,24.0,59.0,1.0,59.0,14.75,24.0,0.0,0.0,1.0,12.0
2021.0,Riyan Parag,11.0,2.0,93.0,25.0,11.62,83.0,112.04,0.0,0.0,6.0,4.0,6.0,0.0,11.0,37.0,73.0,1.0,73.0,11.83,37.0,0.0,0.0,1.0,7.0
2020.0,Riyan Parag,12.0,1.0,86.0,42.0,12.28,77.0,111.68,0.0,0.0,6.0,3.0,1.0,0.0,12.0,12.0,27.0,0.0,0.0,13.5,0.0,0.0,0.0,0.0,13.0
2019.0,Riyan Parag,7.0,0.0,160.0,50.0,32.0,126.0,126.98,0.0,1.0,17.0,5.0,5.0,0.0,7.0,84.0,121.0,2.0,60.5,8.64,42.0,0.0,0.0,1.0,10.0
2024.0,Rohit Sharma,14.0,1.0,417.0,105.0,32.08,278.0,150.0,1.0,1.0,45.0,23.0,3.0,0.0,14.0,0.0,0.0,0.0,0.0,0.0,0.0,0.0,0.0,0.0,0.0
2023.0,Rohit Sharma,16.0,0.0,332.0,65.0,20.75,250.0,132.8,0.0,2.0,35.0,17.0,1.0,0.0,16.0,0.0,0.0,0.0,0.0,0.0,0.0,0.0,0.0,0.0,0.0
2022.0,Rohit Sharma,14.0,0.0,268.0,48.0,19.14,223.0,120.18,0.0,0.0,28.0,13.0,7.0,0.0,14.0,0.0,0.0,0.0,0.0,0.0,0.0,0.0,0.0,0.0,0.0
2021.0,Rohit Sharma,13.0,0.0,381.0,63.0,29.3,299.0,127.42,0.0,1.0,33.0,14.0,1.0,0.0,13.0,7.0,13.0,0.0,0.0,11.14,0.0,0.0,0.0,0.0,4.0
2020.0,Rohit Sharma,12.0,0.0,332.0,80.0,27.66,260.0,127.69,0.0,3.0,27.0,19.0,6.0,0.0,12.0,0.0,0.0,0.0,0.0,0.0,0.0,0.0,0.0,0.0,0.0
2019.0,Rohit Sharma,15.0,1.0,405.0,67.0,28.92,315.0,128.57,0.0,2.0,52.0,10.0,4.0,0.0,15.0,0.0,0.0,0.0,0.0,0.0,0.0,0.0,0.0,0.0,0.0
2018.0,Rohit Sharma,14.0,2.0,286.0,94.0,23.83,215.0,133.02,0.0,2.0,25.0,12.0,8.0,0.0,14.0,0.0,0.0,0.0,0.0,0.0,0.0,0.0,0.0,0.0,0.0
2017.0,Rohit Sharma,17.0,2.0,333.0,67.0,23.78,273.0,121.97,0.0,3.0,31.0,9.0,10.0,0.0,17.0,0.0,0.0,0.0,0.0,0.0,0.0,0.0,0.0,0.0,0.0
2016.0,Rohit Sharma,14.0,3.0,489.0,85.0,44.45,368.0,132.88,0.0,5.0,49.0,16.0,2.0,0.0,14.0,0.0,0.0,0.0,0.0,0.0,0.0,0.0,0.0,0.0,0.0
2015.0,Rohit Sharma,16.0,2.0,482.0,98.0,34.42,333.0,144.74,0.0,3.0,41.0,21.0,5.0,0.0,16.0,0.0,0.0,0.0,0.0,0.0,0.0,0.0,0.0,0.0,0.0
2014.0,Rohit Sharma,15.0,2.0,390.0,59.0,30.0,302.0,129.13,0.0,3.0,31.0,16.0,5.0,0.0,15.0,18.0,26.0,1.0,26.0,8.66,18.0,0.0,0.0,1.0,20.0
2013.0,Rohit Sharma,19.0,5.0,538.0,79.0,38.42,409.0,131.54,0.0,4.0,35.0,28.0,7.0,0.0,19.0,8.0,6.0,0.0,0.0,4.5,0.0,0.0,0.0,0.0,1.0
2012.0,Rohit Sharma,17.0,2.0,433.0,109.0,30.92,342.0,126.6,1.0,3.0,39.0,18.0,13.0,0.0,17.0,6.0,16.0,0.0,0.0,16.0,0.0,0.0,0.0,0.0,16.0
2011.0,Rohit Sharma,16.0,3.0,372.0,87.0,33.81,297.0,125.25,0.0,3.0,32.0,13.0,7.0,0.0,16.0,48.0,53.0,0.0,0.0,13.25,0.0,0.0,0.0,0.0,14.0
2010.0,Rohit Sharma,16.0,2.0,404.0,73.0,28.85,302.0,133.77,0.0,3.0,36.0,14.0,9.0,0.0,16.0,114.0,153.0,2.0,76.5,8.05,57.0,0.0,0.0,1.0,19.0
2009.0,Rohit Sharma,16.0,3.0,362.0,52.0,27.84,315.0,114.92,0.0,1.0,22.0,18.0,5.0,0.0,16.0,138.0,161.0,11.0,14.63,7.0,12.54,1.0,0.0,4.0,6.0
2008.0,Rohit Sharma,13.0,1.0,404.0,76.0,36.72,273.0,147.98,0.0,4.0,38.0,19.0,8.0,0.0,13.0,24.0,25.0,1.0,25.0,6.25,24.0,0.0,0.0,1.0,25.0
2024.0,Romario Shepherd,6.0,3.0,57.0,39.0,28.5,21.0,271.43,0.0,0.0,5.0,5.0,0.0,0.0,6.0,72.0,159.0,1.0,159.0,13.25,72.0,0.0,0.0,1.0,54.0
2023.0,Romario Shepherd,1.0,0.0,0.0,0.0,0.0,1.0,0.0,0.0,0.0,0.0,0.0,0.0,0.0,1.0,0.0,0.0,0.0,0.0,0.0,0.0,0.0,0.0,0.0,0.0
2022.0,Romario Shepherd,3.0,1.0,58.0,26.0,29.0,41.0,141.46,0.0,0.0,2.0,5.0,0.0,0.0,3.0,54.0,98.0,3.0,32.67,10.89,18.0,0.0,0.0,2.0,42.0
2024.0,Rovman Powell,9.0,1.0,103.0,27.0,17.17,68.0,151.47,0.0,0.0,10.0,6.0,8.0,0.0,9.0,0.0,0.0,0.0,0.0,0.0,0.0,0.0,0.0,0.0,0.0
2023.0,Rovman Powell,3.0,0.0,7.0,4.0,2.33,9.0,77.78,0.0,0.0,1.0,0.0,0.0,0.0,3.0,12.0,18.0,1.0,18.0,9.0,12.0,0.0,0.0,1.0,18.0
2022.0,Rovman Powell,14.0,2.0,250.0,67.0,25.0,167.0,149.7,0.0,1.0,10.0,22.0,10.0,0.0,14.0,6.0,17.0,0.0,0.0,17.0,0.0,0.0,0.0,0.0,17.0
2024.0,Ruturaj Gaikwad,14.0,3.0,583.0,108.0,53.0,413.0,141.16,1.0,4.0,58.0,18.0,5.0,0.0,14.0,0.0,0.0,0.0,0.0,0.0,0.0,0.0,0.0,0.0,0.0
2023.0,Ruturaj Gaikwad,16.0,1.0,590.0,92.0,42.14,400.0,147.5,0.0,4.0,46.0,30.0,17.0,0.0,16.0,0.0,0.0,0.0,0.0,0.0,0.0,0.0,0.0,0.0,0.0
2022.0,Ruturaj Gaikwad,14.0,0.0,368.0,99.0,26.29,291.0,126.46,0.0,3.0,33.0,14.0,4.0,0.0,14.0,0.0,0.0,0.0,0.0,0.0,0.0,0.0,0.0,0.0,0.0
2021.0,Ruturaj Gaikwad,16.0,2.0,635.0,101.0,45.35,466.0,136.26,1.0,4.0,64.0,23.0,6.0,0.0,16.0,0.0,0.0,0.0,0.0,0.0,0.0,0.0,0.0,0.0,0.0
2020.0,Ruturaj Gaikwad,6.0,2.0,204.0,72.0,51.0,169.0,120.71,0.0,3.0,16.0,6.0,4.0,0.0,6.0,0.0,0.0,0.0,0.0,0.0,0.0,0.0,0.0,0.0,0.0
2021.0,Sachin Baby,1.0,0.0,7.0,7.0,7.0,17.0,41.17,0.0,0.0,0.0,0.0,0.0,0.0,0.0,0.0,0.0,0.0,0.0,0.0,0.0,0.0,0.0,0.0,0.0
2017.0,Sachin Baby,3.0,0.0,15.0,12.0,5.0,15.0,100.0,0.0,0.0,2.0,0.0,2.0,0.0,3.0,0.0,0.0,0.0,0.0,0.0,0.0,0.0,0.0,0.0,0.0
2016.0,Sachin Baby,11.0,1.0,119.0,33.0,23.8,79.0,150.63,0.0,0.0,9.0,5.0,1.0,0.0,11.0,10.0,8.0,2.0,4.0,4.8,5.0,0.0,0.0,2.0,4.0
2013.0,Sachin Baby,4.0,0.0,3.0,3.0,3.0,7.0,42.85,0.0,0.0,0.0,0.0,0.0,0.0,0.0,0.0,0.0,0.0,0.0,0.0,0.0,0.0,0.0,0.0,0.0
2024.0,Sai Kishore,5.0,1.0,13.0,13.0,13.0,6.0,216.67,0.0,0.0,0.0,2.0,2.0,0.0,5.0,90.0,137.0,7.0,19.57,9.13,12.86,1.0,0.0,4.0,33.0
2022.0,Sai Kishore,5.0,0.0,0.0,0.0,0.0,0.0,0.0,0.0,0.0,0.0,0.0,3.0,0.0,5.0,96.0,121.0,6.0,20.17,7.56,16.0,0.0,0.0,2.0,7.0
2024.0,Sam Curran,13.0,2.0,270.0,63.0,27.0,219.0,123.29,0.0,2.0,24.0,6.0,7.0,0.0,13.0,246.0,416.0,16.0,26.0,10.15,15.38,0.0,0.0,3.0,28.0
2023.0,Sam Curran,14.0,3.0,276.0,55.0,27.6,203.0,135.96,0.0,1.0,20.0,13.0,5.0,0.0,14.0,287.0,489.0,10.0,48.9,10.22,28.7,0.0,0.0,3.0,31.0
2021.0,Sam Curran,9.0,1.0,56.0,34.0,18.66,29.0,193.1,0.0,0.0,5.0,3.0,1.0,0.0,9.0,198.0,328.0,9.0,36.44,9.93,22.0,0.0,0.0,3.0,34.0
2020.0,Sam Curran,14.0,3.0,186.0,52.0,23.25,141.0,131.91,0.0,1.0,12.0,12.0,7.0,0.0,14.0,252.0,344.0,13.0,26.46,8.19,19.38,0.0,0.0,3.0,19.0
2019.0,Sam Curran,9.0,4.0,95.0,55.0,23.75,55.0,172.72,0.0,1.0,13.0,3.0,2.0,0.0,9.0,198.0,323.0,10.0,32.3,9.78,19.8,1.0,0.0,4.0,11.0
2024.0,Sameer Rizvi,8.0,1.0,51.0,21.0,12.75,43.0,118.6,0.0,0.0,4.0,2.0,4.0,0.0,8.0,0.0,0.0,0.0,0.0,0.0,0.0,0.0,0.0,0.0,0.0
2024.0,Sandeep Sharma,10.0,0.0,0.0,0.0,0.0,0.0,0.0,0.0,0.0,0.0,0.0,3.0,0.0,11.0,228.0,311.0,13.0,23.92,8.18,17.54,0.0,1.0,5.0,18.0
2023.0,Sandeep Sharma,12.0,2.0,2.0,2.0,0.0,6.0,33.33,0.0,0.0,0.0,0.0,4.0,0.0,12.0,276.0,396.0,10.0,39.6,8.61,27.6,0.0,0.0,2.0,25.0
2022.0,Sandeep Sharma,5.0,0.0,0.0,0.0,0.0,0.0,0.0,0.0,0.0,0.0,0.0,2.0,0.0,5.0,120.0,153.0,2.0,76.5,7.65,60.0,0.0,0.0,1.0,18.0
2021.0,Sandeep Sharma,7.0,1.0,8.0,8.0,8.0,7.0,114.28,0.0,0.0,1.0,0.0,1.0,0.0,7.0,141.0,203.0,3.0,67.66,8.63,47.0,0.0,0.0,1.0,20.0
2020.0,Sandeep Sharma,13.0,3.0,12.0,9.0,6.0,15.0,80.0,0.0,0.0,1.0,0.0,0.0,0.0,13.0,312.0,374.0,14.0,26.71,7.19,22.28,0.0,0.0,3.0,34.0
2019.0,Sandeep Sharma,11.0,2.0,6.0,5.0,0.0,3.0,200.0,0.0,0.0,1.0,0.0,1.0,0.0,11.0,256.0,352.0,12.0,29.33,8.25,21.33,0.0,0.0,3.0,19.0
2018.0,Sandeep Sharma,12.0,1.0,0.0,0.0,0.0,4.0,0.0,0.0,0.0,0.0,0.0,2.0,0.0,12.0,264.0,333.0,12.0,27.75,7.56,22.0,0.0,0.0,2.0,17.0
2017.0,Sandeep Sharma,13.0,4.0,7.0,5.0,0.0,6.0,116.66,0.0,0.0,0.0,0.0,3.0,0.0,13.0,288.0,398.0,17.0,23.41,8.29,16.94,1.0,0.0,4.0,20.0
2016.0,Sandeep Sharma,14.0,4.0,8.0,5.0,0.0,9.0,88.88,0.0,0.0,0.0,0.0,2.0,0.0,14.0,300.0,366.0,15.0,24.4,7.32,20.0,0.0,0.0,2.0,11.0
2015.0,Sandeep Sharma,14.0,2.0,9.0,7.0,9.0,14.0,64.28,0.0,0.0,1.0,0.0,2.0,0.0,14.0,300.0,350.0,13.0,26.92,7.0,23.07,1.0,0.0,4.0,25.0
2014.0,Sandeep Sharma,11.0,1.0,2.0,2.0,0.0,5.0,40.0,0.0,0.0,0.0,0.0,1.0,0.0,11.0,241.0,354.0,18.0,19.66,8.81,13.38,0.0,0.0,3.0,15.0
2013.0,Sandeep Sharma,4.0,1.0,0.0,0.0,0.0,0.0,0.0,0.0,0.0,0.0,0.0,0.0,0.0,4.0,96.0,119.0,8.0,14.87,7.43,12.0,0.0,0.0,3.0,21.0
2024.0,Sanju Samson,15.0,4.0,531.0,86.0,48.27,346.0,153.47,0.0,5.0,48.0,24.0,6.0,1.0,15.0,0.0,0.0,0.0,0.0,0.0,0.0,0.0,0.0,0.0,0.0
2023.0,Sanju Samson,14.0,2.0,362.0,66.0,30.17,236.0,153.39,0.0,3.0,25.0,24.0,3.0,3.0,14.0,0.0,0.0,0.0,0.0,0.0,0.0,0.0,0.0,0.0,0.0
2022.0,Sanju Samson,17.0,1.0,458.0,55.0,28.63,312.0,146.79,0.0,2.0,43.0,26.0,14.0,2.0,17.0,0.0,0.0,0.0,0.0,0.0,0.0,0.0,0.0,0.0,0.0
2021.0,Sanju Samson,14.0,2.0,484.0,119.0,40.33,354.0,136.72,1.0,2.0,45.0,17.0,7.0,4.0,14.0,0.0,0.0,0.0,0.0,0.0,0.0,0.0,0.0,0.0,0.0
2020.0,Sanju Samson,14.0,1.0,375.0,85.0,28.84,236.0,158.89,0.0,3.0,21.0,26.0,9.0,2.0,14.0,0.0,0.0,0.0,0.0,0.0,0.0,0.0,0.0,0.0,0.0
2019.0,Sanju Samson,12.0,2.0,342.0,102.0,34.2,230.0,148.69,1.0,0.0,28.0,13.0,4.0,1.0,12.0,0.0,0.0,0.0,0.0,0.0,0.0,0.0,0.0,0.0,0.0
2018.0,Sanju Samson,15.0,1.0,441.0,92.0,31.5,320.0,137.81,0.0,3.0,30.0,19.0,5.0,0.0,15.0,0.0,0.0,0.0,0.0,0.0,0.0,0.0,0.0,0.0,0.0
2017.0,Sanju Samson,14.0,0.0,386.0,102.0,27.57,273.0,141.39,1.0,2.0,32.0,19.0,4.0,0.0,14.0,0.0,0.0,0.0,0.0,0.0,0.0,0.0,0.0,0.0,0.0
2016.0,Sanju Samson,14.0,3.0,291.0,60.0,26.45,259.0,112.35,0.0,1.0,20.0,8.0,3.0,1.0,14.0,0.0,0.0,0.0,0.0,0.0,0.0,0.0,0.0,0.0,0.0
2015.0,Sanju Samson,14.0,1.0,204.0,76.0,20.4,163.0,125.15,0.0,1.0,16.0,8.0,9.0,0.0,14.0,0.0,0.0,0.0,0.0,0.0,0.0,0.0,0.0,0.0,0.0
2014.0,Sanju Samson,13.0,0.0,339.0,74.0,26.07,273.0,124.17,0.0,2.0,25.0,17.0,5.0,2.0,13.0,0.0,0.0,0.0,0.0,0.0,0.0,0.0,0.0,0.0,0.0
2013.0,Sanju Samson,11.0,2.0,206.0,63.0,25.75,178.0,115.73,0.0,1.0,19.0,5.0,13.0,0.0,11.0,0.0,0.0,0.0,0.0,0.0,0.0,0.0,0.0,0.0,0.0
2024.0,Shahbaz Ahamad,16.0,3.0,215.0,59.0,23.89,166.0,129.52,0.0,1.0,7.0,13.0,3.0,0.0,16.0,165.0,270.0,7.0,38.57,9.82,23.57,0.0,0.0,3.0,23.0
2023.0,Shahbaz Ahamad,10.0,2.0,42.0,20.0,10.5,39.0,107.69,0.0,0.0,3.0,1.0,5.0,0.0,10.0,42.0,95.0,1.0,95.0,13.57,42.0,0.0,0.0,1.0,38.0
2022.0,Shahbaz Ahamad,16.0,3.0,219.0,45.0,27.38,181.0,120.99,0.0,0.0,14.0,9.0,8.0,0.0,16.0,210.0,336.0,4.0,84.0,9.6,52.5,0.0,0.0,2.0,26.0
2021.0,Shahbaz Ahamad,11.0,0.0,59.0,14.0,8.42,53.0,111.32,0.0,0.0,4.0,2.0,4.0,0.0,11.0,84.0,92.0,7.0,13.14,6.57,12.0,0.0,0.0,3.0,7.0
2020.0,Shahbaz Ahamad,2.0,1.0,1.0,1.0,0.0,1.0,100.0,0.0,0.0,0.0,0.0,1.0,0.0,2.0,36.0,44.0,2.0,22.0,7.33,18.0,0.0,0.0,2.0,26.0
2024.0,Shahrukh Khan,7.0,0.0,127.0,58.0,18.14,75.0,169.33,0.0,1.0,9.0,9.0,6.0,0.0,7.0,12.0,15.0,0.0,0.0,7.5,0.0,0.0,0.0,0.0,7.0
2023.0,Shahrukh Khan,14.0,6.0,156.0,41.0,22.29,94.0,165.96,0.0,0.0,13.0,9.0,7.0,0.0,14.0,0.0,0.0,0.0,0.0,0.0,0.0,0.0,0.0,0.0,0.0
2022.0,Shahrukh Khan,8.0,1.0,117.0,26.0,16.71,108.0,108.33,0.0,0.0,4.0,9.0,3.0,0.0,8.0,0.0,0.0,0.0,0.0,0.0,0.0,0.0,0.0,0.0,0.0
2021.0,Shahrukh Khan,11.0,3.0,153.0,47.0,21.85,114.0,134.21,0.0,0.0,9.0,10.0,4.0,0.0,11.0,0.0,0.0,0.0,0.0,0.0,0.0,0.0,0.0,0.0,0.0
2024.0,Shamar Joseph,1.0,0.0,0.0,0.0,0.0,0.0,0.0,0.0,0.0,0.0,0.0,0.0,0.0,1.0,24.0,47.0,0.0,0.0,11.75,0.0,0.0,0.0,0.0,47.0
2024.0,Shashank Singh,14.0,6.0,354.0,68.0,44.25,215.0,164.65,0.0,2.0,28.0,21.0,7.0,0.0,14.0,6.0,5.0,1.0,5.0,5.0,6.0,0.0,0.0,1.0,5.0
2022.0,Shashank Singh,10.0,1.0,69.0,25.0,17.25,47.0,146.81,0.0,0.0,5.0,4.0,3.0,0.0,10.0,12.0,20.0,0.0,0.0,10.0,0.0,0.0,0.0,0.0,10.0
2022.0,Sherfane Rutherford,3.0,0.0,33.0,28.0,16.5,50.0,66.0,0.0,0.0,1.0,1.0,0.0,0.0,3.0,0.0,0.0,0.0,0.0,0.0,0.0,0.0,0.0,0.0,0.0
2019.0,Sherfane Rutherford,7.0,2.0,73.0,28.0,14.6,54.0,135.18,0.0,0.0,2.0,7.0,5.0,0.0,7.0,41.0,59.0,1.0,59.0,8.63,41.0,0.0,0.0,1.0,6.0
2024.0,Shimron Hetmyer,12.0,4.0,113.0,27.0,22.6,69.0,163.77,0.0,0.0,9.0,7.0,4.0,0.0,12.0,0.0,0.0,0.0,0.0,0.0,0.0,0.0,0.0,0.0,0.0
2023.0,Shimron Hetmyer,14.0,5.0,300.0,56.0,37.5,197.0,152.28,0.0,1.0,12.0,23.0,11.0,0.0,14.0,0.0,0.0,0.0,0.0,0.0,0.0,0.0,0.0,0.0,0.0
2022.0,Shimron Hetmyer,15.0,8.0,314.0,59.0,44.86,204.0,153.92,0.0,1.0,21.0,21.0,3.0,0.0,15.0,0.0,0.0,0.0,0.0,0.0,0.0,0.0,0.0,0.0,0.0
2021.0,Shimron Hetmyer,14.0,6.0,242.0,53.0,34.57,144.0,168.05,0.0,1.0,19.0,12.0,4.0,0.0,14.0,0.0,0.0,0.0,0.0,0.0,0.0,0.0,0.0,0.0,0.0
2020.0,Shimron Hetmyer,12.0,3.0,185.0,45.0,23.12,125.0,148.0,0.0,0.0,11.0,12.0,7.0,0.0,12.0,0.0,0.0,0.0,0.0,0.0,0.0,0.0,0.0,0.0,0.0
2019.0,Shimron Hetmyer,5.0,0.0,90.0,75.0,18.0,73.0,123.28,0.0,1.0,4.0,7.0,3.0,0.0,5.0,0.0,0.0,0.0,0.0,0.0,0.0,0.0,0.0,0.0,0.0
2024.0,Shivam Dube,14.0,3.0,396.0,66.0,36.0,244.0,162.3,0.0,3.0,28.0,28.0,2.0,0.0,14.0,6.0,14.0,1.0,14.0,14.0,6.0,0.0,0.0,1.0,14.0
2023.0,Shivam Dube,16.0,3.0,418.0,52.0,38.0,264.0,158.33,0.0,3.0,12.0,35.0,6.0,0.0,16.0,0.0,0.0,0.0,0.0,0.0,0.0,0.0,0.0,0.0,0.0
2022.0,Shivam Dube,11.0,1.0,289.0,95.0,28.9,185.0,156.22,0.0,2.0,22.0,16.0,6.0,0.0,11.0,12.0,36.0,0.0,0.0,18.0,0.0,0.0,0.0,0.0,11.0
2021.0,Shivam Dube,9.0,1.0,230.0,64.0,28.75,193.0,119.17,0.0,1.0,18.0,10.0,2.0,0.0,9.0,30.0,49.0,0.0,0.0,9.8,0.0,0.0,0.0,0.0,5.0
2020.0,Shivam Dube,11.0,2.0,129.0,27.0,18.42,105.0,122.85,0.0,0.0,5.0,9.0,2.0,0.0,11.0,54.0,73.0,4.0,18.25,8.11,13.5,0.0,0.0,2.0,15.0
2019.0,Shivam Dube,4.0,1.0,40.0,24.0,13.33,33.0,121.21,0.0,0.0,1.0,3.0,1.0,0.0,4.0,10.0,8.0,0.0,0.0,4.8,0.0,0.0,0.0,0.0,3.0
2024.0,Shreyas Gopal,3.0,0.0,0.0,0.0,0.0,0.0,0.0,0.0,0.0,0.0,0.0,1.0,0.0,3.0,42.0,67.0,3.0,22.33,9.57,14.0,0.0,0.0,1.0,9.0
2022.0,Shreyas Gopal,1.0,1.0,9.0,9.0,0.0,7.0,128.57,0.0,0.0,2.0,0.0,0.0,0.0,1.0,18.0,34.0,1.0,34.0,11.33,18.0,0.0,0.0,1.0,34.0
2021.0,Shreyas Gopal,3.0,1.0,7.0,7.0,7.0,5.0,140.0,0.0,0.0,0.0,1.0,0.0,0.0,3.0,42.0,84.0,0.0,0.0,12.0,0.0,0.0,0.0,0.0,9.0
2020.0,Shreyas Gopal,14.0,1.0,37.0,23.0,9.25,39.0,94.87,0.0,0.0,3.0,0.0,2.0,0.0,14.0,300.0,427.0,10.0,42.7,8.54,30.0,0.0,0.0,2.0,28.0
2019.0,Shreyas Gopal,14.0,3.0,63.0,19.0,15.75,46.0,136.95,0.0,0.0,8.0,1.0,5.0,0.0,14.0,288.0,347.0,20.0,17.35,7.22,14.4,0.0,0.0,3.0,12.0
2018.0,Shreyas Gopal,11.0,1.0,50.0,24.0,16.66,45.0,111.11,0.0,0.0,5.0,0.0,3.0,0.0,11.0,186.0,236.0,11.0,21.45,7.61,16.9,1.0,0.0,4.0,16.0
2016.0,Shreyas Gopal,1.0,0.0,2.0,2.0,2.0,16.0,12.5,0.0,0.0,0.0,0.0,0.0,0.0,1.0,18.0,18.0,0.0,0.0,6.0,0.0,0.0,0.0,0.0,18.0
2015.0,Shreyas Gopal,1.0,1.0,1.0,1.0,0.0,1.0,100.0,0.0,0.0,0.0,0.0,0.0,0.0,1.0,13.0,23.0,1.0,23.0,10.61,13.0,0.0,0.0,1.0,23.0
2014.0,Shreyas Gopal,4.0,0.0,11.0,11.0,11.0,10.0,110.0,0.0,0.0,1.0,0.0,1.0,0.0,4.0,84.0,113.0,6.0,18.83,8.07,14.0,0.0,0.0,2.0,25.0
2024.0,Shreyas Iyer,14.0,5.0,351.0,58.0,39.0,239.0,146.86,0.0,2.0,34.0,14.0,10.0,0.0,14.0,0.0,0.0,0.0,0.0,0.0,0.0,0.0,0.0,0.0,0.0
2022.0,Shreyas Iyer,14.0,1.0,401.0,85.0,30.85,298.0,134.56,0.0,3.0,41.0,11.0,5.0,0.0,14.0,6.0,7.0,0.0,0.0,7.0,0.0,0.0,0.0,0.0,7.0
2021.0,Shreyas Iyer,8.0,3.0,175.0,47.0,35.0,171.0,102.33,0.0,0.0,7.0,5.0,6.0,0.0,8.0,0.0,0.0,0.0,0.0,0.0,0.0,0.0,0.0,0.0,0.0
2020.0,Shreyas Iyer,17.0,2.0,519.0,88.0,34.6,421.0,123.27,0.0,3.0,40.0,16.0,6.0,0.0,17.0,0.0,0.0,0.0,0.0,0.0,0.0,0.0,0.0,0.0,0.0
2019.0,Shreyas Iyer,16.0,1.0,463.0,67.0,30.86,386.0,119.94,0.0,3.0,41.0,14.0,8.0,0.0,16.0,0.0,0.0,0.0,0.0,0.0,0.0,0.0,0.0,0.0,0.0
2018.0,Shreyas Iyer,14.0,3.0,411.0,93.0,37.36,310.0,132.58,0.0,4.0,29.0,21.0,5.0,0.0,14.0,0.0,0.0,0.0,0.0,0.0,0.0,0.0,0.0,0.0,0.0
2017.0,Shreyas Iyer,12.0,2.0,338.0,96.0,33.8,243.0,139.09,0.0,2.0,36.0,10.0,3.0,0.0,12.0,0.0,0.0,0.0,0.0,0.0,0.0,0.0,0.0,0.0,0.0
2016.0,Shreyas Iyer,6.0,0.0,30.0,19.0,5.0,43.0,69.76,0.0,0.0,2.0,1.0,4.0,0.0,6.0,0.0,0.0,0.0,0.0,0.0,0.0,0.0,0.0,0.0,0.0
2015.0,Shreyas Iyer,14.0,1.0,439.0,83.0,33.76,342.0,128.36,0.0,4.0,41.0,21.0,2.0,0.0,14.0,0.0,0.0,0.0,0.0,0.0,0.0,0.0,0.0,0.0,0.0
2024.0,Shubham Dubey,4.0,1.0,33.0,25.0,16.5,19.0,173.68,0.0,0.0,3.0,2.0,0.0,0.0,4.0,0.0,0.0,0.0,0.0,0.0,0.0,0.0,0.0,0.0,0.0
2024.0,Shubman Gill,12.0,1.0,426.0,104.0,38.73,289.0,147.4,1.0,2.0,37.0,15.0,1.0,0.0,12.0,0.0,0.0,0.0,0.0,0.0,0.0,0.0,0.0,0.0,0.0
2023.0,Shubman Gill,17.0,2.0,890.0,129.0,59.33,564.0,157.8,3.0,4.0,85.0,33.0,6.0,0.0,17.0,0.0,0.0,0.0,0.0,0.0,0.0,0.0,0.0,0.0,0.0
2022.0,Shubman Gill,16.0,2.0,483.0,96.0,34.5,365.0,132.33,0.0,4.0,51.0,11.0,7.0,0.0,16.0,0.0,0.0,0.0,0.0,0.0,0.0,0.0,0.0,0.0,0.0
2021.0,Shubman Gill,17.0,0.0,478.0,57.0,28.11,402.0,118.9,0.0,3.0,50.0,12.0,6.0,0.0,17.0,0.0,0.0,0.0,0.0,0.0,0.0,0.0,0.0,0.0,0.0
2020.0,Shubman Gill,14.0,1.0,440.0,70.0,33.84,373.0,117.96,0.0,3.0,44.0,9.0,7.0,0.0,14.0,0.0,0.0,0.0,0.0,0.0,0.0,0.0,0.0,0.0,0.0
2019.0,Shubman Gill,14.0,4.0,296.0,76.0,32.88,238.0,124.36,0.0,3.0,21.0,10.0,7.0,0.0,14.0,0.0,0.0,0.0,0.0,0.0,0.0,0.0,0.0,0.0,0.0
2018.0,Shubman Gill,13.0,5.0,203.0,57.0,33.83,139.0,146.04,0.0,1.0,22.0,5.0,3.0,0.0,13.0,0.0,0.0,0.0,0.0,0.0,0.0,0.0,0.0,0.0,0.0
2024.0,Simarjeet Singh,4.0,0.0,0.0,0.0,0.0,0.0,0.0,0.0,0.0,0.0,0.0,2.0,0.0,4.0,72.0,121.0,5.0,24.2,10.08,14.4,0.0,0.0,3.0,26.0
2022.0,Simarjeet Singh,6.0,2.0,7.0,3.0,7.0,8.0,87.5,0.0,0.0,0.0,0.0,1.0,0.0,6.0,108.0,138.0,4.0,34.5,7.67,27.0,0.0,0.0,2.0,27.0
2024.0,Spencer Johnson,5.0,3.0,6.0,5.0,0.0,7.0,85.71,0.0,0.0,1.0,0.0,1.0,0.0,5.0,96.0,151.0,4.0,37.75,9.44,24.0,0.0,0.0,2.0,25.0
2024.0,Sunil Narine,14.0,0.0,488.0,109.0,34.86,270.0,180.74,1.0,3.0,50.0,33.0,8.0,0.0,15.0,330.0,368.0,17.0,21.65,6.69,19.41,0.0,0.0,2.0,22.0
2023.0,Sunil Narine,14.0,3.0,21.0,7.0,3.0,25.0,84.0,0.0,0.0,2.0,1.0,1.0,0.0,14.0,288.0,383.0,11.0,34.82,7.98,26.18,0.0,0.0,3.0,33.0
2022.0,Sunil Narine,14.0,2.0,71.0,22.0,8.88,40.0,177.5,0.0,0.0,6.0,6.0,3.0,0.0,14.0,336.0,312.0,9.0,34.67,5.57,37.33,0.0,0.0,2.0,21.0
2021.0,Sunil Narine,14.0,2.0,62.0,26.0,7.75,47.0,131.91,0.0,0.0,3.0,5.0,2.0,0.0,14.0,336.0,361.0,16.0,22.56,6.44,21.0,1.0,0.0,4.0,21.0
2020.0,Sunil Narine,10.0,0.0,121.0,64.0,13.44,85.0,142.35,0.0,1.0,10.0,8.0,2.0,0.0,10.0,228.0,302.0,5.0,60.4,7.94,45.6,0.0,0.0,2.0,28.0
2019.0,Sunil Narine,12.0,1.0,143.0,47.0,17.87,86.0,166.27,0.0,0.0,17.0,9.0,0.0,0.0,12.0,266.0,347.0,10.0,34.7,7.82,26.6,0.0,0.0,2.0,19.0
2018.0,Sunil Narine,16.0,0.0,357.0,75.0,22.31,188.0,189.89,0.0,2.0,40.0,23.0,1.0,0.0,16.0,366.0,467.0,17.0,27.47,7.65,21.52,0.0,0.0,3.0,18.0
2017.0,Sunil Narine,16.0,1.0,224.0,54.0,17.23,130.0,172.3,0.0,1.0,34.0,10.0,4.0,0.0,16.0,354.0,412.0,10.0,41.2,6.98,35.4,0.0,0.0,2.0,29.0
2016.0,Sunil Narine,11.0,3.0,7.0,4.0,7.0,13.0,53.84,0.0,0.0,0.0,0.0,2.0,0.0,11.0,257.0,304.0,11.0,27.63,7.09,23.36,0.0,0.0,3.0,26.0
2015.0,Sunil Narine,8.0,1.0,0.0,0.0,0.0,1.0,0.0,0.0,0.0,0.0,0.0,1.0,0.0,8.0,192.0,234.0,7.0,33.42,7.31,27.42,1.0,0.0,4.0,19.0
2014.0,Sunil Narine,16.0,3.0,10.0,6.0,5.0,14.0,71.42,0.0,0.0,0.0,0.0,2.0,0.0,16.0,384.0,407.0,21.0,19.38,6.35,18.28,2.0,0.0,4.0,20.0
2013.0,Sunil Narine,16.0,3.0,21.0,13.0,7.0,19.0,110.52,0.0,0.0,0.0,2.0,6.0,0.0,16.0,384.0,350.0,22.0,15.9,5.46,17.45,2.0,0.0,4.0,13.0
2012.0,Sunil Narine,15.0,1.0,9.0,9.0,9.0,7.0,128.57,0.0,0.0,2.0,0.0,1.0,0.0,15.0,355.0,324.0,24.0,13.5,5.47,14.79,1.0,1.0,5.0,19.0
2024.0,Suryakumar Yadav,11.0,1.0,345.0,102.0,34.5,206.0,167.48,1.0,3.0,36.0,18.0,4.0,0.0,11.0,0.0,0.0,0.0,0.0,0.0,0.0,0.0,0.0,0.0,0.0
2023.0,Suryakumar Yadav,16.0,2.0,605.0,103.0,43.21,334.0,181.14,1.0,5.0,65.0,28.0,6.0,0.0,16.0,0.0,0.0,0.0,0.0,0.0,0.0,0.0,0.0,0.0,0.0
2022.0,Suryakumar Yadav,8.0,1.0,303.0,68.0,43.29,208.0,145.67,0.0,3.0,23.0,16.0,3.0,0.0,8.0,0.0,0.0,0.0,0.0,0.0,0.0,0.0,0.0,0.0,0.0
2021.0,Suryakumar Yadav,14.0,0.0,317.0,82.0,22.64,221.0,143.43,0.0,2.0,40.0,10.0,5.0,0.0,14.0,0.0,0.0,0.0,0.0,0.0,0.0,0.0,0.0,0.0,0.0
2020.0,Suryakumar Yadav,16.0,3.0,480.0,79.0,40.0,331.0,145.01,0.0,4.0,61.0,11.0,8.0,0.0,16.0,0.0,0.0,0.0,0.0,0.0,0.0,0.0,0.0,0.0,0.0
2019.0,Suryakumar Yadav,16.0,2.0,424.0,71.0,32.61,324.0,130.86,0.0,2.0,45.0,10.0,9.0,0.0,16.0,0.0,0.0,0.0,0.0,0.0,0.0,0.0,0.0,0.0,0.0
2018.0,Suryakumar Yadav,14.0,0.0,512.0,72.0,36.57,384.0,133.33,0.0,4.0,61.0,16.0,8.0,0.0,14.0,0.0,0.0,0.0,0.0,0.0,0.0,0.0,0.0,0.0,0.0
2017.0,Suryakumar Yadav,10.0,1.0,105.0,31.0,17.5,88.0,119.31,0.0,0.0,8.0,3.0,5.0,0.0,10.0,0.0,0.0,0.0,0.0,0.0,0.0,0.0,0.0,0.0,0.0
2016.0,Suryakumar Yadav,15.0,4.0,182.0,60.0,26.0,143.0,127.27,0.0,1.0,18.0,5.0,6.0,0.0,15.0,0.0,0.0,0.0,0.0,0.0,0.0,0.0,0.0,0.0,0.0
2015.0,Suryakumar Yadav,13.0,4.0,157.0,46.0,17.44,113.0,138.93,0.0,0.0,12.0,8.0,7.0,0.0,13.0,0.0,0.0,0.0,0.0,0.0,0.0,0.0,0.0,0.0,0.0
2014.0,Suryakumar Yadav,16.0,5.0,164.0,34.0,32.8,117.0,140.17,0.0,0.0,16.0,5.0,7.0,0.0,16.0,6.0,8.0,0.0,0.0,8.0,0.0,0.0,0.0,0.0,8.0
2012.0,Suryakumar Yadav,1.0,0.0,0.0,0.0,0.0,4.0,0.0,0.0,0.0,0.0,0.0,0.0,0.0,0.0,0.0,0.0,0.0,0.0,0.0,0.0,0.0,0.0,0.0,0.0
2024.0,Suyash Sharma,2.0,0.0,0.0,0.0,0.0,0.0,0.0,0.0,0.0,0.0,0.0,1.0,0.0,2.0,24.0,51.0,0.0,0.0,12.75,0.0,0.0,0.0,0.0,18.0
2023.0,Suyash Sharma,11.0,0.0,0.0,0.0,0.0,0.0,0.0,0.0,0.0,0.0,0.0,0.0,0.0,11.0,234.0,321.0,10.0,32.1,8.23,23.4,0.0,0.0,3.0,30.0
2024.0,Swapnil Singh,7.0,3.0,37.0,15.0,18.5,21.0,176.19,0.0,0.0,3.0,3.0,2.0,0.0,7.0,90.0,133.0,6.0,22.17,8.87,15.0,0.0,0.0,2.0,28.0
2023.0,Swapnil Singh,2.0,1.0,2.0,2.0,0.0,4.0,50.0,0.0,0.0,0.0,0.0,0.0,0.0,2.0,12.0,18.0,0.0,0.0,9.0,0.0,0.0,0.0,0.0,7.0
2024.0,T Natarajan,14.0,0.0,0.0,0.0,0.0,0.0,0.0,0.0,0.0,0.0,0.0,2.0,0.0,14.0,308.0,465.0,19.0,24.47,9.06,16.21,1.0,0.0,4.0,19.0
2023.0,T Natarajan,12.0,0.0,0.0,0.0,0.0,0.0,0.0,0.0,0.0,0.0,0.0,3.0,0.0,12.0,270.0,410.0,10.0,41.0,9.11,27.0,0.0,0.0,2.0,23.0
2022.0,T Natarajan,11.0,0.0,0.0,0.0,0.0,0.0,0.0,0.0,0.0,0.0,0.0,1.0,0.0,11.0,258.0,406.0,18.0,22.56,9.44,14.33,0.0,0.0,3.0,10.0
2021.0,T Natarajan,2.0,0.0,0.0,0.0,0.0,0.0,0.0,0.0,0.0,0.0,0.0,0.0,0.0,2.0,48.0,69.0,2.0,34.5,8.62,24.0,0.0,0.0,1.0,32.0
2020.0,T Natarajan,16.0,3.0,3.0,3.0,0.0,5.0,60.0,0.0,0.0,0.0,0.0,3.0,0.0,16.0,377.0,504.0,16.0,31.5,8.02,23.56,0.0,0.0,2.0,24.0
2017.0,T Natarajan,6.0,0.0,0.0,0.0,0.0,0.0,0.0,0.0,0.0,0.0,0.0,0.0,0.0,6.0,76.0,115.0,2.0,57.5,9.07,38.0,0.0,0.0,1.0,26.0
2024.0,Tim David,13.0,3.0,241.0,45.0,30.13,152.0,158.55,0.0,0.0,14.0,15.0,6.0,0.0,13.0,0.0,0.0,0.0,0.0,0.0,0.0,0.0,0.0,0.0,0.0
2023.0,Tim David,16.0,6.0,231.0,45.0,25.67,146.0,158.22,0.0,0.0,12.0,15.0,10.0,0.0,16.0,0.0,0.0,0.0,0.0,0.0,0.0,0.0,0.0,0.0,0.0
2022.0,Tim David,8.0,3.0,186.0,46.0,37.2,86.0,216.28,0.0,0.0,12.0,16.0,6.0,0.0,8.0,0.0,0.0,0.0,0.0,0.0,0.0,0.0,0.0,0.0,0.0
2021.0,Tim David,1.0,0.0,1.0,1.0,1.0,3.0,33.33,0.0,0.0,0.0,0.0,0.0,0.0,0.0,0.0,0.0,0.0,0.0,0.0,0.0,0.0,0.0,0.0,0.0
2024.0,Travis Head,15.0,1.0,567.0,102.0,40.5,296.0,191.55,1.0,4.0,64.0,32.0,0.0,0.0,15.0,10.0,32.0,0.0,0.0,19.2,0.0,0.0,0.0,0.0,32.0
2017.0,Travis Head,7.0,2.0,151.0,75.0,30.2,108.0,139.81,0.0,1.0,9.0,6.0,2.0,0.0,7.0,48.0,81.0,2.0,40.5,10.12,24.0,0.0,0.0,2.0,30.0
2016.0,Travis Head,3.0,1.0,54.0,37.0,27.0,40.0,135.0,0.0,0.0,3.0,2.0,0.0,0.0,3.0,0.0,0.0,0.0,0.0,0.0,0.0,0.0,0.0,0.0,0.0
2024.0,Trent Boult,15.0,3.0,14.0,12.0,7.0,16.0,87.5,0.0,0.0,2.0,0.0,4.0,0.0,16.0,320.0,443.0,16.0,27.69,8.31,20.0,0.0,0.0,3.0,22.0
2023.0,Trent Boult,10.0,3.0,16.0,15.0,16.0,14.0,114.29,0.0,0.0,1.0,1.0,5.0,0.0,10.0,228.0,312.0,13.0,24.0,8.21,17.54,0.0,0.0,3.0,29.0
2022.0,Trent Boult,16.0,6.0,40.0,17.0,20.0,29.0,137.93,0.0,0.0,2.0,1.0,2.0,0.0,16.0,372.0,492.0,16.0,30.75,7.94,23.25,0.0,0.0,2.0,18.0
2021.0,Trent Boult,14.0,4.0,1.0,1.0,0.0,4.0,25.0,0.0,0.0,0.0,0.0,5.0,0.0,14.0,308.0,406.0,13.0,31.23,7.9,23.69,0.0,0.0,3.0,28.0
2020.0,Trent Boult,15.0,0.0,0.0,0.0,0.0,1.0,0.0,0.0,0.0,0.0,0.0,4.0,0.0,15.0,344.0,457.0,25.0,18.28,7.97,13.76,1.0,0.0,4.0,18.0
2019.0,Trent Boult,5.0,2.0,7.0,6.0,7.0,4.0,175.0,0.0,0.0,0.0,1.0,2.0,0.0,5.0,114.0,163.0,5.0,32.6,8.57,22.8,0.0,0.0,2.0,27.0
2018.0,Trent Boult,14.0,0.0,0.0,0.0,0.0,2.0,0.0,0.0,0.0,0.0,0.0,9.0,0.0,14.0,316.0,466.0,18.0,25.88,8.84,17.55,0.0,0.0,2.0,20.0
2017.0,Trent Boult,6.0,1.0,5.0,5.0,0.0,8.0,62.5,0.0,0.0,0.0,0.0,0.0,0.0,6.0,143.0,216.0,5.0,43.2,9.06,28.6,0.0,0.0,2.0,30.0
2016.0,Trent Boult,1.0,0.0,0.0,0.0,0.0,0.0,0.0,0.0,0.0,0.0,0.0,1.0,0.0,1.0,24.0,39.0,1.0,39.0,9.75,24.0,0.0,0.0,1.0,39.0
2015.0,Trent Boult,7.0,0.0,0.0,0.0,0.0,0.0,0.0,0.0,0.0,0.0,0.0,2.0,0.0,7.0,168.0,236.0,9.0,26.22,8.42,18.66,0.0,0.0,3.0,19.0
2024.0,Tristan Stubbs,14.0,6.0,378.0,71.0,54.0,198.0,190.91,0.0,3.0,24.0,26.0,7.0,0.0,14.0,12.0,15.0,3.0,5.0,7.5,4.0,0.0,0.0,2.0,11.0
2023.0,Tristan Stubbs,2.0,0.0,25.0,20.0,12.5,31.0,80.65,0.0,0.0,2.0,0.0,0.0,0.0,2.0,12.0,14.0,1.0,14.0,7.0,12.0,0.0,0.0,1.0,14.0
2022.0,Tristan Stubbs,2.0,0.0,2.0,2.0,1.0,4.0,50.0,0.0,0.0,0.0,0.0,0.0,0.0,2.0,0.0,0.0,0.0,0.0,0.0,0.0,0.0,0.0,0.0,0.0
2024.0,Tushar Deshpande,13.0,1.0,0.0,0.0,0.0,1.0,0.0,0.0,0.0,0.0,0.0,2.0,0.0,13.0,288.0,424.0,17.0,24.94,8.83,16.94,1.0,0.0,4.0,27.0
2023.0,Tushar Deshpande,16.0,1.0,0.0,0.0,0.0,1.0,0.0,0.0,0.0,0.0,0.0,2.0,0.0,16.0,341.0,564.0,21.0,26.86,9.92,16.24,0.0,0.0,3.0,45.0
2022.0,Tushar Deshpande,2.0,0.0,0.0,0.0,0.0,0.0,0.0,0.0,0.0,0.0,0.0,1.0,0.0,2.0,42.0,63.0,1.0,63.0,9.0,42.0,0.0,0.0,1.0,40.0
2020.0,Tushar Deshpande,5.0,1.0,21.0,20.0,21.0,12.0,175.0,0.0,0.0,2.0,1.0,1.0,0.0,5.0,102.0,192.0,3.0,64.0,11.29,34.0,0.0,0.0,2.0,37.0
2024.0,Umran Malik,1.0,0.0,0.0,0.0,0.0,0.0,0.0,0.0,0.0,0.0,0.0,0.0,0.0,1.0,6.0,15.0,0.0,0.0,15.0,0.0,0.0,0.0,0.0,15.0
2023.0,Umran Malik,8.0,1.0,19.0,19.0,19.0,8.0,237.5,0.0,0.0,1.0,2.0,1.0,0.0,8.0,120.0,217.0,5.0,43.4,10.85,24.0,0.0,0.0,2.0,32.0
2022.0,Umran Malik,14.0,3.0,4.0,3.0,4.0,8.0,50.0,0.0,0.0,0.0,0.0,5.0,0.0,14.0,295.0,444.0,22.0,20.18,9.03,13.41,1.0,1.0,5.0,25.0
2021.0,Umran Malik,3.0,0.0,0.0,0.0,0.0,0.0,0.0,0.0,0.0,0.0,0.0,0.0,0.0,3.0,72.0,96.0,2.0,48.0,8.0,36.0,0.0,0.0,1.0,21.0
2024.0,Vaibhav Arora,10.0,2.0,1.0,1.0,0.0,1.0,100.0,0.0,0.0,0.0,0.0,1.0,0.0,10.0,180.0,276.0,11.0,25.09,9.2,16.36,0.0,0.0,3.0,27.0
2023.0,Vaibhav Arora,5.0,2.0,3.0,2.0,0.0,2.0,150.0,0.0,0.0,0.0,0.0,3.0,0.0,5.0,96.0,146.0,5.0,29.2,9.13,19.2,0.0,0.0,2.0,30.0
2022.0,Vaibhav Arora,5.0,2.0,5.0,2.0,2.5,13.0,38.46,0.0,0.0,0.0,0.0,1.0,0.0,5.0,107.0,164.0,3.0,54.67,9.2,35.67,0.0,0.0,2.0,21.0
2024.0,Varun Chakaravarthy,14.0,0.0,0.0,0.0,0.0,0.0,0.0,0.0,0.0,0.0,0.0,4.0,0.0,15.0,300.0,402.0,21.0,19.14,8.04,14.29,0.0,0.0,3.0,16.0
2023.0,Varun Chakaravarthy,14.0,1.0,1.0,1.0,1.0,9.0,11.11,0.0,0.0,0.0,0.0,4.0,0.0,14.0,316.0,429.0,20.0,21.45,8.15,15.8,1.0,0.0,4.0,15.0
2022.0,Varun Chakaravarthy,11.0,4.0,12.0,10.0,0.0,18.0,66.67,0.0,0.0,2.0,0.0,2.0,0.0,11.0,234.0,332.0,6.0,55.33,8.51,39.0,0.0,0.0,1.0,22.0
2021.0,Varun Chakaravarthy,17.0,2.0,2.0,2.0,2.0,4.0,50.0,0.0,0.0,0.0,0.0,1.0,0.0,17.0,408.0,448.0,18.0,24.88,6.58,22.66,0.0,0.0,3.0,13.0
2020.0,Varun Chakaravarthy,13.0,1.0,10.0,7.0,5.0,15.0,66.66,0.0,0.0,0.0,0.0,3.0,0.0,13.0,312.0,356.0,17.0,20.94,6.84,18.35,0.0,1.0,5.0,20.0
2019.0,Varun Chakaravarthy,1.0,0.0,0.0,0.0,0.0,0.0,0.0,0.0,0.0,0.0,0.0,0.0,0.0,1.0,18.0,35.0,1.0,35.0,11.66,18.0,0.0,0.0,1.0,35.0
2024.0,Venkatesh Iyer,14.0,5.0,370.0,70.0,46.25,233.0,158.8,0.0,4.0,35.0,19.0,4.0,0.0,15.0,6.0,28.0,0.0,0.0,28.0,0.0,0.0,0.0,0.0,28.0
2023.0,Venkatesh Iyer,14.0,0.0,404.0,104.0,28.86,277.0,145.85,1.0,2.0,32.0,21.0,3.0,0.0,14.0,0.0,0.0,0.0,0.0,0.0,0.0,0.0,0.0,0.0,0.0
2022.0,Venkatesh Iyer,12.0,1.0,182.0,50.0,16.55,169.0,107.69,0.0,1.0,17.0,7.0,4.0,0.0,12.0,24.0,46.0,0.0,0.0,11.5,0.0,0.0,0.0,0.0,8.0
2021.0,Venkatesh Iyer,10.0,1.0,370.0,67.0,41.11,288.0,128.47,0.0,4.0,37.0,14.0,7.0,0.0,10.0,51.0,69.0,3.0,23.0,8.11,17.0,0.0,0.0,2.0,29.0
2024.0,Vijay Shankar,7.0,2.0,83.0,17.0,16.6,72.0,115.28,0.0,0.0,7.0,2.0,4.0,0.0,7.0,0.0,0.0,0.0,0.0,0.0,0.0,0.0,0.0,0.0,0.0
2023.0,Vijay Shankar,14.0,2.0,301.0,63.0,37.63,188.0,160.11,0.0,3.0,27.0,15.0,2.0,0.0,14.0,0.0,0.0,0.0,0.0,0.0,0.0,0.0,0.0,0.0,0.0
2022.0,Vijay Shankar,4.0,0.0,19.0,13.0,4.75,35.0,54.29,0.0,0.0,1.0,0.0,3.0,0.0,4.0,9.0,15.0,0.0,0.0,10.0,0.0,0.0,0.0,0.0,1.0
2021.0,Vijay Shankar,7.0,0.0,58.0,28.0,11.6,52.0,111.53,0.0,0.0,1.0,3.0,3.0,0.0,7.0,66.0,100.0,3.0,33.33,9.09,22.0,0.0,0.0,2.0,19.0
2020.0,Vijay Shankar,7.0,1.0,97.0,52.0,24.25,96.0,101.04,0.0,1.0,10.0,1.0,1.0,0.0,7.0,79.0,82.0,4.0,20.5,6.22,19.75,0.0,0.0,1.0,11.0
2019.0,Vijay Shankar,15.0,2.0,244.0,40.0,20.33,193.0,126.42,0.0,0.0,11.0,12.0,10.0,0.0,15.0,48.0,70.0,1.0,70.0,8.75,48.0,0.0,0.0,1.0,11.0
2018.0,Vijay Shankar,13.0,7.0,212.0,54.0,53.0,148.0,143.24,0.0,1.0,11.0,11.0,6.0,0.0,13.0,30.0,58.0,1.0,58.0,11.6,30.0,0.0,0.0,1.0,22.0
2017.0,Vijay Shankar,4.0,2.0,101.0,63.0,50.5,75.0,134.66,0.0,1.0,12.0,1.0,1.0,0.0,4.0,0.0,0.0,0.0,0.0,0.0,0.0,0.0,0.0,0.0,0.0
2014.0,Vijay Shankar,1.0,0.0,0.0,0.0,0.0,0.0,0.0,0.0,0.0,0.0,0.0,0.0,0.0,1.0,6.0,19.0,0.0,0.0,19.0,0.0,0.0,0.0,0.0,19.0
2024.0,Virat Kohli,15.0,3.0,741.0,113.0,61.75,479.0,154.7,1.0,5.0,62.0,38.0,8.0,0.0,15.0,0.0,0.0,0.0,0.0,0.0,0.0,0.0,0.0,0.0,0.0
2023.0,Virat Kohli,14.0,2.0,639.0,101.0,53.25,457.0,139.82,2.0,6.0,65.0,16.0,13.0,0.0,14.0,0.0,0.0,0.0,0.0,0.0,0.0,0.0,0.0,0.0,0.0
2022.0,Virat Kohli,16.0,1.0,341.0,73.0,22.73,294.0,115.99,0.0,2.0,32.0,8.0,9.0,0.0,16.0,0.0,0.0,0.0,0.0,0.0,0.0,0.0,0.0,0.0,0.0
2021.0,Virat Kohli,15.0,1.0,405.0,72.0,28.92,339.0,119.46,0.0,3.0,43.0,9.0,8.0,0.0,15.0,0.0,0.0,0.0,0.0,0.0,0.0,0.0,0.0,0.0,0.0
2020.0,Virat Kohli,15.0,4.0,466.0,90.0,42.36,384.0,121.35,0.0,3.0,23.0,11.0,3.0,0.0,15.0,0.0,0.0,0.0,0.0,0.0,0.0,0.0,0.0,0.0,0.0
2019.0,Virat Kohli,14.0,0.0,464.0,100.0,33.14,328.0,141.46,1.0,2.0,46.0,13.0,5.0,0.0,14.0,0.0,0.0,0.0,0.0,0.0,0.0,0.0,0.0,0.0,0.0
2018.0,Virat Kohli,14.0,3.0,530.0,92.0,48.18,381.0,139.1,0.0,4.0,52.0,18.0,8.0,0.0,14.0,0.0,0.0,0.0,0.0,0.0,0.0,0.0,0.0,0.0,0.0
2017.0,Virat Kohli,10.0,0.0,308.0,64.0,30.8,252.0,122.22,0.0,4.0,23.0,11.0,6.0,0.0,10.0,0.0,0.0,0.0,0.0,0.0,0.0,0.0,0.0,0.0,0.0
2016.0,Virat Kohli,16.0,4.0,973.0,113.0,81.08,640.0,152.03,4.0,7.0,83.0,38.0,6.0,0.0,16.0,6.0,13.0,0.0,0.0,13.0,0.0,0.0,0.0,0.0,13.0
2015.0,Virat Kohli,16.0,5.0,505.0,82.0,45.9,386.0,130.82,0.0,3.0,35.0,23.0,7.0,0.0,16.0,11.0,10.0,0.0,0.0,5.45,0.0,0.0,0.0,0.0,4.0
2014.0,Virat Kohli,14.0,1.0,359.0,73.0,27.61,294.0,122.1,0.0,2.0,23.0,16.0,7.0,0.0,14.0,0.0,0.0,0.0,0.0,0.0,0.0,0.0,0.0,0.0,0.0
2013.0,Virat Kohli,16.0,2.0,634.0,99.0,45.28,457.0,138.73,0.0,6.0,64.0,22.0,7.0,0.0,16.0,0.0,0.0,0.0,0.0,0.0,0.0,0.0,0.0,0.0,0.0
2012.0,Virat Kohli,16.0,2.0,364.0,73.0,28.0,326.0,111.65,0.0,2.0,33.0,9.0,7.0,0.0,16.0,18.0,49.0,0.0,0.0,16.33,0.0,0.0,0.0,0.0,13.0
2011.0,Virat Kohli,16.0,4.0,557.0,71.0,46.41,460.0,121.08,0.0,4.0,55.0,16.0,7.0,0.0,16.0,102.0,139.0,2.0,69.5,8.17,51.0,0.0,0.0,1.0,8.0
2010.0,Virat Kohli,16.0,2.0,307.0,58.0,27.9,212.0,144.81,0.0,1.0,26.0,12.0,3.0,0.0,16.0,32.0,50.0,0.0,0.0,9.37,0.0,0.0,0.0,0.0,1.0
2009.0,Virat Kohli,16.0,2.0,246.0,50.0,22.36,219.0,112.32,0.0,1.0,22.0,8.0,9.0,0.0,16.0,36.0,46.0,0.0,0.0,7.66,0.0,0.0,0.0,0.0,9.0
2008.0,Virat Kohli,13.0,1.0,165.0,38.0,15.0,157.0,105.09,0.0,0.0,18.0,4.0,2.0,0.0,13.0,46.0,61.0,2.0,30.5,7.95,23.0,0.0,0.0,2.0,25.0
2023.0,Vishnu Vinod,3.0,0.0,37.0,30.0,12.33,31.0,119.35,0.0,0.0,2.0,2.0,1.0,0.0,3.0,0.0,0.0,0.0,0.0,0.0,0.0,0.0,0.0,0.0,0.0
2017.0,Vishnu Vinod,3.0,0.0,19.0,9.0,6.33,26.0,73.07,0.0,0.0,1.0,1.0,0.0,2.0,3.0,0.0,0.0,0.0,0.0,0.0,0.0,0.0,0.0,0.0,0.0
2024.0,Vyshak Vijay Kumar,4.0,1.0,1.0,1.0,1.0,3.0,33.33,0.0,0.0,0.0,0.0,3.0,0.0,4.0,87.0,142.0,4.0,35.5,9.79,21.75,0.0,0.0,2.0,23.0
2023.0,Vyshak Vijay Kumar,7.0,1.0,13.0,13.0,13.0,9.0,144.44,0.0,0.0,0.0,1.0,1.0,0.0,7.0,144.0,253.0,9.0,28.11,10.54,16.0,0.0,0.0,3.0,20.0
2023.0,Wanindu Hasaranga,8.0,3.0,33.0,12.0,16.5,28.0,117.86,0.0,0.0,3.0,0.0,0.0,0.0,8.0,174.0,258.0,9.0,28.67,8.9,19.33,0.0,0.0,2.0,24.0
2022.0,Wanindu Hasaranga,16.0,0.0,38.0,18.0,5.43,43.0,88.37,0.0,0.0,4.0,1.0,3.0,0.0,16.0,342.0,430.0,26.0,16.54,7.54,13.15,1.0,1.0,5.0,18.0
2021.0,Wanindu Hasaranga,2.0,1.0,1.0,1.0,1.0,2.0,50.0,0.0,0.0,0.0,0.0,0.0,0.0,2.0,36.0,60.0,0.0,0.0,10.0,0.0,0.0,0.0,0.0,20.0
2024.0,Washington Sundar,2.0,1.0,0.0,0.0,0.0,1.0,0.0,0.0,0.0,0.0,0.0,0.0,0.0,2.0,30.0,73.0,1.0,73.0,14.6,30.0,0.0,0.0,1.0,46.0
2023.0,Washington Sundar,7.0,1.0,60.0,24.0,15.0,60.0,100.0,0.0,0.0,6.0,0.0,2.0,0.0,7.0,106.0,146.0,3.0,48.67,8.26,35.33,0.0,0.0,3.0,28.0
2022.0,Washington Sundar,9.0,0.0,101.0,40.0,14.43,69.0,146.38,0.0,0.0,9.0,3.0,1.0,0.0,9.0,168.0,239.0,6.0,39.83,8.54,28.0,0.0,0.0,2.0,21.0
2021.0,Washington Sundar,6.0,0.0,31.0,10.0,7.75,47.0,65.95,0.0,0.0,2.0,0.0,2.0,0.0,6.0,96.0,118.0,3.0,39.33,7.37,32.0,0.0,0.0,1.0,7.0
2020.0,Washington Sundar,15.0,3.0,111.0,30.0,18.5,95.0,116.84,0.0,0.0,10.0,2.0,0.0,0.0,15.0,300.0,298.0,8.0,37.25,5.96,37.5,0.0,0.0,2.0,16.0
2019.0,Washington Sundar,3.0,0.0,1.0,1.0,0.5,3.0,33.33,0.0,0.0,0.0,0.0,2.0,0.0,3.0,54.0,74.0,4.0,18.5,8.22,13.5,0.0,0.0,3.0,24.0
2018.0,Washington Sundar,7.0,3.0,65.0,35.0,21.66,38.0,171.05,0.0,0.0,5.0,4.0,0.0,0.0,7.0,120.0,192.0,4.0,48.0,9.6,30.0,0.0,0.0,2.0,22.0
2017.0,Washington Sundar,11.0,5.0,9.0,5.0,9.0,12.0,75.0,0.0,0.0,0.0,0.0,5.0,0.0,11.0,180.0,185.0,8.0,23.12,6.16,22.5,0.0,0.0,3.0,16.0
2024.0,Will Jacks,8.0,1.0,230.0,100.0,32.86,131.0,175.57,1.0,1.0,16.0,18.0,3.0,0.0,8.0,54.0,100.0,2.0,50.0,11.11,27.0,0.0,0.0,1.0,23.0
2024.0,Yash Dayal,14.0,0.0,0.0,0.0,0.0,0.0,0.0,0.0,0.0,0.0,0.0,3.0,0.0,14.0,301.0,459.0,15.0,30.6,9.15,20.07,0.0,0.0,3.0,20.0
2023.0,Yash Dayal,5.0,0.0,0.0,0.0,0.0,0.0,0.0,0.0,0.0,0.0,0.0,1.0,0.0,5.0,84.0,165.0,2.0,82.5,11.79,42.0,0.0,0.0,1.0,31.0
2022.0,Yash Dayal,9.0,0.0,0.0,0.0,0.0,1.0,0.0,0.0,0.0,0.0,0.0,1.0,0.0,9.0,192.0,296.0,11.0,26.91,9.25,17.45,0.0,0.0,3.0,40.0
2024.0,Yash Thakur,10.0,0.0,0.0,0.0,0.0,0.0,0.0,0.0,0.0,0.0,0.0,1.0,0.0,10.0,213.0,402.0,11.0,36.55,11.32,19.36,0.0,1.0,5.0,30.0
2023.0,Yash Thakur,9.0,0.0,0.0,0.0,0.0,0.0,0.0,0.0,0.0,0.0,0.0,1.0,0.0,9.0,191.0,289.0,13.0,22.23,9.08,14.69,1.0,0.0,4.0,37.0
2024.0,Yashasvi Jaiswal,15.0,1.0,435.0,104.0,31.07,279.0,155.91,1.0,1.0,54.0,16.0,4.0,0.0,15.0,0.0,0.0,0.0,0.0,0.0,0.0,0.0,0.0,0.0,0.0
2023.0,Yashasvi Jaiswal,14.0,1.0,625.0,124.0,48.08,382.0,163.61,1.0,5.0,82.0,26.0,8.0,0.0,14.0,0.0,0.0,0.0,0.0,0.0,0.0,0.0,0.0,0.0,0.0
2022.0,Yashasvi Jaiswal,10.0,0.0,258.0,68.0,25.8,194.0,132.99,0.0,2.0,28.0,10.0,2.0,0.0,10.0,1.0,6.0,0.0,0.0,36.0,0.0,0.0,0.0,0.0,6.0
2021.0,Yashasvi Jaiswal,10.0,0.0,249.0,50.0,24.9,168.0,148.21,0.0,1.0,32.0,10.0,3.0,0.0,10.0,0.0,0.0,0.0,0.0,0.0,0.0,0.0,0.0,0.0,0.0
2020.0,Yashasvi Jaiswal,3.0,0.0,40.0,34.0,13.33,44.0,90.9,0.0,0.0,2.0,2.0,1.0,0.0,3.0,0.0,0.0,0.0,0.0,0.0,0.0,0.0,0.0,0.0,0.0
2024.0,Yudhvir Singh,2.0,0.0,21.0,14.0,10.5,14.0,150.0,0.0,0.0,1.0,2.0,0.0,0.0,2.0,24.0,52.0,1.0,52.0,13.0,24.0,0.0,0.0,1.0,24.0
2023.0,Yudhvir Singh,3.0,0.0,1.0,1.0,0.5,2.0,50.0,0.0,0.0,0.0,0.0,0.0,0.0,3.0,48.0,70.0,3.0,23.33,8.75,16.0,0.0,0.0,2.0,19.0
2024.0,Yuzvendra Chahal,15.0,0.0,0.0,0.0,0.0,0.0,0.0,0.0,0.0,0.0,0.0,5.0,0.0,15.0,348.0,546.0,18.0,30.33,9.41,19.33,0.0,0.0,3.0,11.0
2023.0,Yuzvendra Chahal,14.0,0.0,0.0,0.0,0.0,0.0,0.0,0.0,0.0,0.0,0.0,1.0,0.0,14.0,317.0,432.0,21.0,20.57,8.18,15.1,3.0,0.0,4.0,17.0
2022.0,Yuzvendra Chahal,17.0,1.0,5.0,5.0,5.0,8.0,62.5,0.0,0.0,0.0,0.0,0.0,0.0,17.0,408.0,527.0,27.0,19.52,7.75,15.11,1.0,1.0,5.0,40.0
2021.0,Yuzvendra Chahal,15.0,2.0,10.0,8.0,0.0,27.0,37.03,0.0,0.0,0.0,0.0,4.0,0.0,15.0,318.0,374.0,18.0,20.77,7.05,17.66,0.0,0.0,3.0,11.0
2020.0,Yuzvendra Chahal,15.0,1.0,1.0,1.0,1.0,3.0,33.33,0.0,0.0,0.0,0.0,1.0,0.0,15.0,343.0,405.0,21.0,19.28,7.08,16.33,0.0,0.0,3.0,18.0
2019.0,Yuzvendra Chahal,14.0,1.0,6.0,4.0,3.0,16.0,37.5,0.0,0.0,0.0,0.0,3.0,0.0,14.0,296.0,386.0,18.0,21.44,7.82,16.44,1.0,0.0,4.0,38.0
2018.0,Yuzvendra Chahal,14.0,1.0,0.0,0.0,0.0,4.0,0.0,0.0,0.0,0.0,0.0,2.0,0.0,14.0,300.0,363.0,12.0,30.25,7.26,25.0,0.0,0.0,2.0,22.0
2017.0,Yuzvendra Chahal,13.0,3.0,13.0,4.0,4.33,26.0,50.0,0.0,0.0,0.0,0.0,3.0,0.0,13.0,261.0,333.0,14.0,23.78,7.65,18.64,0.0,0.0,3.0,16.0
2016.0,Yuzvendra Chahal,13.0,0.0,0.0,0.0,0.0,0.0,0.0,0.0,0.0,0.0,0.0,4.0,0.0,13.0,295.0,401.0,21.0,19.09,8.15,14.04,1.0,0.0,4.0,25.0
2015.0,Yuzvendra Chahal,15.0,2.0,1.0,1.0,0.0,1.0,100.0,0.0,0.0,0.0,0.0,4.0,0.0,15.0,281.0,415.0,23.0,18.04,8.86,12.21,0.0,0.0,3.0,40.0
2014.0,Yuzvendra Chahal,14.0,2.0,1.0,1.0,0.0,1.0,100.0,0.0,0.0,0.0,0.0,3.0,0.0,14.0,330.0,386.0,12.0,32.16,7.01,27.5,0.0,0.0,2.0,17.0
2013.0,Yuzvendra Chahal,1.0,0.0,0.0,0.0,0.0,0.0,0.0,0.0,0.0,0.0,0.0,0.0,0.0,1.0,24.0,34.0,0.0,0.0,8.5,0.0,0.0,0.0,0.0,34.0
